	v1_a	v1_b	v2	v3	v4_l	v4_y	v4_u	v5_gg	v5_p	v5_g	v6_j	v6_ff	v6_aa	v6_e	v6_i	v6_x	v6_d	v6_c	v6_k	v6_cc	v6_r	v6_m	v6_q	v6_w	v7_n	v7_dd	v7_o	v7_z	v7_j	v7_ff	v7_bb	v7_h	v7_v	v8	v9_f	v9_t	v10_f	v10_t	v11	v12_t	v12_f	v13_p	v13_s	v13_g	v14	v15	desired1	desired2
0	0	1	30.83	0.0	0	0	1	0	0	1	0	0	0	0	0	0	0	0	0	0	0	0	0	1	0	0	0	0	0	0	0	0	1	1.25	0	1	0	1	1	0	1	0	0	1	202	0.0	0	1
1	1	0	58.67	4.46	0	0	1	0	0	1	0	0	0	0	0	0	0	0	0	0	0	0	1	0	0	0	0	0	0	0	0	1	0	3.04	0	1	0	1	6	0	1	0	0	1	43	560.0	0	1
2	1	0	24.5	0.5	0	0	1	0	0	1	0	0	0	0	0	0	0	0	0	0	0	0	1	0	0	0	0	0	0	0	0	1	0	1.5	0	1	1	0	0	0	1	0	0	1	280	824.0	0	1
3	0	1	27.83	1.54	0	0	1	0	0	1	0	0	0	0	0	0	0	0	0	0	0	0	0	1	0	0	0	0	0	0	0	0	1	3.75	0	1	0	1	5	1	0	0	0	1	100	3.0	0	1
4	0	1	20.17	5.625	0	0	1	0	0	1	0	0	0	0	0	0	0	0	0	0	0	0	0	1	0	0	0	0	0	0	0	0	1	1.71	0	1	1	0	0	0	1	0	1	0	120	0.0	0	1
5	0	1	32.08	4.0	0	0	1	0	0	1	0	0	0	0	0	0	0	0	0	0	0	1	0	0	0	0	0	0	0	0	0	0	1	2.5	0	1	1	0	0	1	0	0	0	1	360	0.0	0	1
6	0	1	33.17	1.04	0	0	1	0	0	1	0	0	0	0	0	0	0	0	0	0	1	0	0	0	0	0	0	0	0	0	0	1	0	6.5	0	1	1	0	0	1	0	0	0	1	164	31285.0	0	1
7	1	0	22.92	11.585	0	0	1	0	0	1	0	0	0	0	0	0	0	0	0	1	0	0	0	0	0	0	0	0	0	0	0	0	1	0.04	0	1	1	0	0	0	1	0	0	1	80	1349.0	0	1
8	0	1	54.42	0.5	0	1	0	0	1	0	0	0	0	0	0	0	0	0	1	0	0	0	0	0	0	0	0	0	0	0	0	1	0	3.96	0	1	1	0	0	0	1	0	0	1	180	314.0	0	1
9	0	1	42.5	4.915	0	1	0	0	1	0	0	0	0	0	0	0	0	0	0	0	0	0	0	1	0	0	0	0	0	0	0	0	1	3.165	0	1	1	0	0	1	0	0	0	1	52	1442.0	0	1
10	0	1	22.08	0.83	0	0	1	0	0	1	0	0	0	0	0	0	0	1	0	0	0	0	0	0	0	0	0	0	0	0	0	1	0	2.165	1	0	1	0	0	1	0	0	0	1	128	0.0	0	1
11	0	1	29.92	1.835	0	0	1	0	0	1	0	0	0	0	0	0	0	1	0	0	0	0	0	0	0	0	0	0	0	0	0	1	0	4.335	0	1	1	0	0	0	1	0	0	1	260	200.0	0	1
12	1	0	38.25	6.0	0	0	1	0	0	1	0	0	0	0	0	0	0	0	1	0	0	0	0	0	0	0	0	0	0	0	0	0	1	1.0	0	1	1	0	0	1	0	0	0	1	0	0.0	0	1
13	0	1	48.08	6.04	0	0	1	0	0	1	0	0	0	0	0	0	0	0	1	0	0	0	0	0	0	0	0	0	0	0	0	0	1	0.04	1	0	1	0	0	0	1	0	0	1	0	2690.0	0	1
14	1	0	45.83	10.5	0	0	1	0	0	1	0	0	0	0	0	0	0	0	0	0	0	0	1	0	0	0	0	0	0	0	0	0	1	5.0	0	1	0	1	7	1	0	0	0	1	0	0.0	0	1
15	0	1	36.67	4.415	0	1	0	0	1	0	0	0	0	0	0	0	0	0	1	0	0	0	0	0	0	0	0	0	0	0	0	0	1	0.25	0	1	0	1	10	1	0	0	0	1	320	0.0	0	1
16	0	1	28.25	0.875	0	0	1	0	0	1	0	0	0	0	0	0	0	0	0	0	0	1	0	0	0	0	0	0	0	0	0	0	1	0.96	0	1	0	1	3	1	0	0	0	1	396	0.0	0	1
17	1	0	23.25	5.875	0	0	1	0	0	1	0	0	0	0	0	0	0	0	0	0	0	0	1	0	0	0	0	0	0	0	0	0	1	3.17	0	1	0	1	10	0	1	0	0	1	120	245.0	0	1
18	0	1	21.83	0.25	0	0	1	0	0	1	0	0	0	0	0	0	1	0	0	0	0	0	0	0	0	0	0	0	0	0	0	1	0	0.665	0	1	1	0	0	1	0	0	0	1	0	0.0	0	1
19	1	0	19.17	8.585	0	0	1	0	0	1	0	0	0	0	0	0	0	0	0	1	0	0	0	0	0	0	0	0	0	0	0	1	0	0.75	0	1	0	1	7	0	1	0	0	1	96	0.0	0	1
20	0	1	25.0	11.25	0	0	1	0	0	1	0	0	0	0	0	0	0	1	0	0	0	0	0	0	0	0	0	0	0	0	0	0	1	2.5	0	1	0	1	17	0	1	0	0	1	200	1208.0	0	1
21	0	1	23.25	1.0	0	0	1	0	0	1	0	0	0	0	0	0	0	1	0	0	0	0	0	0	0	0	0	0	0	0	0	0	1	0.835	0	1	1	0	0	0	1	0	1	0	300	0.0	0	1
22	1	0	47.75	8.0	0	0	1	0	0	1	0	0	0	0	0	0	0	1	0	0	0	0	0	0	0	0	0	0	0	0	0	0	1	7.875	0	1	0	1	6	1	0	0	0	1	0	1260.0	0	1
23	1	0	27.42	14.5	0	0	1	0	0	1	0	0	0	0	0	1	0	0	0	0	0	0	0	0	0	0	0	0	0	0	0	1	0	3.085	0	1	0	1	1	0	1	0	0	1	120	11.0	0	1
24	1	0	41.17	6.5	0	0	1	0	0	1	0	0	0	0	0	0	0	0	0	0	0	0	1	0	0	0	0	0	0	0	0	0	1	0.5	0	1	0	1	3	1	0	0	0	1	145	0.0	0	1
25	1	0	15.83	0.585	0	0	1	0	0	1	0	0	0	0	0	0	0	1	0	0	0	0	0	0	0	0	0	0	0	0	0	1	0	1.5	0	1	0	1	2	0	1	0	0	1	100	0.0	0	1
26	1	0	47.0	13.0	0	0	1	0	0	1	0	0	0	0	1	0	0	0	0	0	0	0	0	0	0	0	0	0	0	0	1	0	0	5.165	0	1	0	1	9	1	0	0	0	1	0	0.0	0	1
27	0	1	56.58	18.5	0	0	1	0	0	1	0	0	0	0	0	0	1	0	0	0	0	0	0	0	0	0	0	0	0	0	1	0	0	15.0	0	1	0	1	17	1	0	0	0	1	0	0.0	0	1
28	0	1	57.42	8.5	0	0	1	0	0	1	0	0	0	1	0	0	0	0	0	0	0	0	0	0	0	0	0	0	0	0	0	1	0	7.0	0	1	0	1	3	0	1	0	0	1	0	0.0	0	1
29	0	1	42.08	1.04	0	0	1	0	0	1	0	0	0	0	0	0	0	0	0	0	0	0	0	1	0	0	0	0	0	0	0	0	1	5.0	0	1	0	1	6	1	0	0	0	1	500	10000.0	0	1
30	0	1	29.25	14.79	0	0	1	0	0	1	0	0	1	0	0	0	0	0	0	0	0	0	0	0	0	0	0	0	0	0	0	0	1	5.04	0	1	0	1	5	1	0	0	0	1	168	0.0	0	1
31	0	1	42.0	9.79	0	0	1	0	0	1	0	0	0	0	0	1	0	0	0	0	0	0	0	0	0	0	0	0	0	0	0	1	0	7.96	0	1	0	1	8	0	1	0	0	1	0	0.0	0	1
32	0	1	49.5	7.585	0	0	1	0	0	1	0	0	0	0	1	0	0	0	0	0	0	0	0	0	0	0	0	0	0	0	1	0	0	7.585	0	1	0	1	15	1	0	0	0	1	0	5000.0	0	1
33	1	0	36.75	5.125	0	0	1	0	0	1	0	0	0	1	0	0	0	0	0	0	0	0	0	0	0	0	0	0	0	0	0	0	1	5.0	0	1	1	0	0	1	0	0	0	1	0	4000.0	0	1
34	1	0	22.58	10.75	0	0	1	0	0	1	0	0	0	0	0	0	0	0	0	0	0	0	1	0	0	0	0	0	0	0	0	0	1	0.415	0	1	0	1	5	1	0	0	0	1	0	560.0	0	1
35	0	1	27.83	1.5	0	0	1	0	0	1	0	0	0	0	0	0	0	0	0	0	0	0	0	1	0	0	0	0	0	0	0	0	1	2.0	0	1	0	1	11	1	0	0	0	1	434	35.0	0	1
36	0	1	27.25	1.585	0	0	1	0	0	1	0	0	0	0	0	0	0	0	0	1	0	0	0	0	0	0	0	0	0	0	0	1	0	1.835	0	1	0	1	12	1	0	0	0	1	583	713.0	0	1
37	1	0	23.0	11.75	0	0	1	0	0	1	0	0	0	0	0	1	0	0	0	0	0	0	0	0	0	0	0	0	0	0	0	1	0	0.5	0	1	0	1	2	1	0	0	0	1	300	551.0	0	1
38	0	1	27.75	0.585	0	1	0	0	1	0	0	0	0	0	0	0	0	0	0	1	0	0	0	0	0	0	0	0	0	0	0	0	1	0.25	0	1	0	1	2	0	1	0	0	1	260	500.0	0	1
39	0	1	54.58	9.415	0	0	1	0	0	1	0	1	0	0	0	0	0	0	0	0	0	0	0	0	0	0	0	0	0	1	0	0	0	14.415	0	1	0	1	11	1	0	0	0	1	30	300.0	0	1
40	0	1	34.17	9.17	0	0	1	0	0	1	0	0	0	0	0	0	0	1	0	0	0	0	0	0	0	0	0	0	0	0	0	0	1	4.5	0	1	0	1	12	1	0	0	0	1	0	221.0	0	1
41	0	1	28.92	15.0	0	0	1	0	0	1	0	0	0	0	0	0	0	1	0	0	0	0	0	0	0	0	0	0	0	0	0	1	0	5.335	0	1	0	1	11	0	1	0	0	1	0	2283.0	0	1
42	0	1	29.67	1.415	0	0	1	0	0	1	0	0	0	0	0	0	0	0	0	0	0	0	0	1	0	0	0	0	0	0	0	1	0	0.75	0	1	0	1	1	0	1	0	0	1	240	100.0	0	1
43	0	1	39.58	13.915	0	0	1	0	0	1	0	0	0	0	0	0	0	0	0	0	0	0	0	1	0	0	0	0	0	0	0	0	1	8.625	0	1	0	1	6	1	0	0	0	1	70	0.0	0	1
44	0	1	56.42	28.0	0	1	0	0	1	0	0	0	0	0	0	0	0	1	0	0	0	0	0	0	0	0	0	0	0	0	0	0	1	28.5	0	1	0	1	40	0	1	0	0	1	0	15.0	0	1
45	0	1	54.33	6.75	0	0	1	0	0	1	0	0	0	0	0	0	0	1	0	0	0	0	0	0	0	0	0	0	0	0	0	1	0	2.625	0	1	0	1	11	1	0	0	0	1	0	284.0	0	1
46	1	0	41.0	2.04	0	1	0	0	1	0	0	0	0	0	0	0	0	0	0	0	0	0	1	0	0	0	0	0	0	0	0	1	0	0.125	0	1	0	1	23	1	0	0	0	1	455	1236.0	0	1
47	0	1	31.92	4.46	0	0	1	0	0	1	0	0	0	0	0	0	0	0	0	1	0	0	0	0	0	0	0	0	0	0	0	1	0	6.04	0	1	0	1	3	0	1	0	0	1	311	300.0	0	1
48	0	1	41.5	1.54	0	0	1	0	0	1	0	0	0	0	1	0	0	0	0	0	0	0	0	0	0	0	0	0	0	0	1	0	0	3.5	1	0	1	0	0	0	1	0	0	1	216	0.0	0	1
49	0	1	23.92	0.665	0	0	1	0	0	1	0	0	0	0	0	0	0	1	0	0	0	0	0	0	0	0	0	0	0	0	0	0	1	0.165	1	0	1	0	0	0	1	0	0	1	100	0.0	0	1
50	1	0	25.75	0.5	0	0	1	0	0	1	0	0	0	0	0	0	0	1	0	0	0	0	0	0	0	0	0	0	0	0	0	1	0	0.875	0	1	1	0	0	1	0	0	0	1	491	0.0	0	1
51	0	1	26.0	1.0	0	0	1	0	0	1	0	0	0	0	0	0	0	0	0	0	0	0	1	0	0	0	0	0	0	0	0	0	1	1.75	0	1	1	0	0	1	0	0	0	1	280	0.0	0	1
52	0	1	37.42	2.04	0	0	1	0	0	1	0	0	0	0	0	0	0	0	0	0	0	0	0	1	0	0	0	0	0	0	0	0	1	0.04	0	1	1	0	0	1	0	0	0	1	400	5800.0	0	1
53	0	1	34.92	2.5	0	0	1	0	0	1	0	0	0	0	0	0	0	0	0	0	0	0	0	1	0	0	0	0	0	0	0	0	1	0.0	0	1	1	0	0	1	0	0	0	1	239	200.0	0	1
54	0	1	34.25	3.0	0	0	1	0	0	1	0	0	0	0	0	0	0	0	0	1	0	0	0	0	0	0	0	0	0	0	0	1	0	7.415	0	1	1	0	0	1	0	0	0	1	0	0.0	0	1
55	0	1	23.33	11.625	0	1	0	0	1	0	0	0	0	0	0	0	0	0	0	0	0	0	0	1	0	0	0	0	0	0	0	0	1	0.835	0	1	1	0	0	1	0	0	0	1	160	300.0	0	1
56	0	1	23.17	0.0	0	0	1	0	0	1	0	0	0	0	0	0	0	0	0	1	0	0	0	0	0	0	0	0	0	0	0	0	1	0.085	0	1	1	0	0	0	1	0	0	1	0	0.0	0	1
57	0	1	44.33	0.5	0	0	1	0	0	1	0	0	0	0	1	0	0	0	0	0	0	0	0	0	0	0	0	0	0	0	0	1	0	5.0	0	1	1	0	0	1	0	0	0	1	320	0.0	0	1
58	0	1	35.17	4.5	0	0	1	0	0	1	0	0	0	0	0	1	0	0	0	0	0	0	0	0	0	0	0	0	0	0	0	1	0	5.75	1	0	1	0	0	1	0	0	1	0	711	0.0	0	1
59	0	1	43.25	3.0	0	0	1	0	0	1	0	0	0	0	0	0	0	0	0	0	0	0	1	0	0	0	0	0	0	0	0	1	0	6.0	0	1	0	1	11	0	1	0	0	1	80	0.0	0	1
60	0	1	56.75	12.25	0	0	1	0	0	1	0	0	0	0	0	0	0	0	0	0	0	1	0	0	0	0	0	0	0	0	0	0	1	1.25	0	1	0	1	4	1	0	0	0	1	200	0.0	0	1
61	0	1	31.67	16.165	0	0	1	0	0	1	0	0	0	0	0	0	1	0	0	0	0	0	0	0	0	0	0	0	0	0	0	0	1	3.0	0	1	0	1	9	0	1	0	0	1	250	730.0	0	1
62	1	0	23.42	0.79	0	1	0	0	1	0	0	0	0	0	0	0	0	0	0	0	0	0	1	0	0	0	0	0	0	0	0	0	1	1.5	0	1	0	1	2	1	0	0	0	1	80	400.0	0	1
63	1	0	20.42	0.835	0	0	1	0	0	1	0	0	0	0	0	0	0	0	0	0	0	0	1	0	0	0	0	0	0	0	0	0	1	1.585	0	1	0	1	1	0	1	0	0	1	0	0.0	0	1
64	0	1	26.67	4.25	0	0	1	0	0	1	0	0	0	0	0	0	0	0	0	1	0	0	0	0	0	0	0	0	0	0	0	0	1	4.29	0	1	0	1	1	1	0	0	0	1	120	0.0	0	1
65	0	1	34.17	1.54	0	0	1	0	0	1	0	0	0	0	0	0	0	0	0	1	0	0	0	0	0	0	0	0	0	0	0	0	1	1.54	0	1	0	1	1	1	0	0	0	1	520	50000.0	0	1
66	1	0	36.0	1.0	0	0	1	0	0	1	0	0	0	0	0	0	0	1	0	0	0	0	0	0	0	0	0	0	0	0	0	0	1	2.0	0	1	0	1	11	0	1	0	0	1	0	456.0	0	1
67	0	1	25.5	0.375	0	0	1	0	0	1	0	0	0	0	0	0	0	0	0	0	0	1	0	0	0	0	0	0	0	0	0	0	1	0.25	0	1	0	1	3	0	1	0	0	1	260	15108.0	0	1
68	0	1	19.42	6.5	0	0	1	0	0	1	0	0	0	0	0	0	0	0	0	0	0	0	0	1	0	0	0	0	0	0	0	1	0	1.46	0	1	0	1	7	0	1	0	0	1	80	2954.0	0	1
69	0	1	35.17	25.125	0	0	1	0	0	1	0	0	0	0	0	1	0	0	0	0	0	0	0	0	0	0	0	0	0	0	0	1	0	1.625	0	1	0	1	1	1	0	0	0	1	515	500.0	0	1
70	0	1	32.33	7.5	0	0	1	0	0	1	0	0	0	1	0	0	0	0	0	0	0	0	0	0	0	0	0	0	0	0	1	0	0	1.585	0	1	1	0	0	1	0	0	1	0	420	0.0	1	0
71	1	0	38.58	5.0	0	0	1	0	0	1	0	0	0	0	0	0	0	0	0	1	0	0	0	0	0	0	0	0	0	0	0	0	1	13.5	0	1	1	0	0	1	0	0	0	1	980	0.0	1	0
72	0	1	44.25	0.5	0	0	1	0	0	1	0	0	0	0	0	0	0	0	0	0	0	1	0	0	0	0	0	0	0	0	0	0	1	10.75	0	1	1	0	0	0	1	0	1	0	400	0.0	1	0
73	0	1	44.83	7.0	0	1	0	0	1	0	0	0	0	0	0	0	0	1	0	0	0	0	0	0	0	0	0	0	0	0	0	0	1	1.625	1	0	1	0	0	0	1	0	0	1	160	2.0	1	0
74	0	1	20.67	5.29	0	0	1	0	0	1	0	0	0	0	0	0	0	0	0	0	0	0	1	0	0	0	0	0	0	0	0	0	1	0.375	0	1	0	1	1	0	1	0	0	1	160	0.0	1	0
75	0	1	34.08	6.5	0	0	1	0	0	1	0	0	1	0	0	0	0	0	0	0	0	0	0	0	0	0	0	0	0	0	0	0	1	0.125	0	1	1	0	0	1	0	0	0	1	443	0.0	1	0
76	1	0	19.17	0.585	0	1	0	0	1	0	0	0	1	0	0	0	0	0	0	0	0	0	0	0	0	0	0	0	0	0	0	0	1	0.585	0	1	1	0	0	1	0	0	0	1	160	0.0	1	0
77	0	1	21.67	1.165	0	1	0	0	1	0	0	0	0	0	0	0	0	0	1	0	0	0	0	0	0	0	0	0	0	0	0	0	1	2.5	0	1	0	1	1	0	1	0	0	1	180	20.0	1	0
78	0	1	21.5	9.75	0	0	1	0	0	1	0	0	0	0	0	0	0	1	0	0	0	0	0	0	0	0	0	0	0	0	0	0	1	0.25	0	1	1	0	0	0	1	0	0	1	140	0.0	1	0
79	0	1	49.58	19.0	0	0	1	0	0	1	0	1	0	0	0	0	0	0	0	0	0	0	0	0	0	0	0	0	0	1	0	0	0	0.0	0	1	0	1	1	0	1	0	0	1	94	0.0	1	0
80	1	0	27.67	1.5	0	0	1	0	0	1	0	0	0	0	0	0	0	0	0	0	0	1	0	0	0	0	0	0	0	0	0	0	1	2.0	0	1	1	0	0	0	1	0	1	0	368	0.0	1	0
81	0	1	39.83	0.5	0	0	1	0	0	1	0	0	0	0	0	0	0	0	0	0	0	1	0	0	0	0	0	0	0	0	0	0	1	0.25	0	1	1	0	0	0	1	0	1	0	288	0.0	1	0
82	0	1	27.25	0.625	0	0	1	0	0	1	0	0	1	0	0	0	0	0	0	0	0	0	0	0	0	0	0	0	0	0	0	0	1	0.455	0	1	1	0	0	1	0	0	0	1	200	0.0	1	0
83	0	1	37.17	4.0	0	0	1	0	0	1	0	0	0	0	0	0	0	1	0	0	0	0	0	0	0	0	0	0	0	0	1	0	0	5.0	0	1	1	0	0	1	0	0	1	0	280	0.0	1	0
84	0	1	25.67	2.21	0	1	0	0	1	0	0	0	1	0	0	0	0	0	0	0	0	0	0	0	0	0	0	0	0	0	0	0	1	4.0	0	1	1	0	0	0	1	0	0	1	188	0.0	1	0
85	0	1	34.0	4.5	0	0	1	0	0	1	0	0	1	0	0	0	0	0	0	0	0	0	0	0	0	0	0	0	0	0	0	0	1	1.0	0	1	1	0	0	1	0	0	0	1	240	0.0	1	0
86	1	0	49.0	1.5	0	0	1	0	0	1	1	0	0	0	0	0	0	0	0	0	0	0	0	0	0	0	0	0	1	0	0	0	0	0.0	0	1	1	0	0	1	0	0	0	1	100	27.0	1	0
87	0	1	62.5	12.75	0	1	0	0	1	0	0	0	0	0	0	0	0	1	0	0	0	0	0	0	0	0	0	0	0	0	0	1	0	5.0	0	1	1	0	0	0	1	0	0	1	112	0.0	1	0
88	0	1	31.42	15.5	0	0	1	0	0	1	0	0	0	0	0	0	0	1	0	0	0	0	0	0	0	0	0	0	0	0	0	0	1	0.5	0	1	1	0	0	0	1	0	0	1	120	0.0	1	0
89	0	1	52.33	1.375	0	1	0	0	1	0	0	0	0	0	0	0	0	1	0	0	0	0	0	0	0	0	0	0	0	0	0	1	0	9.46	0	1	1	0	0	1	0	0	0	1	200	100.0	1	0
90	0	1	28.75	1.5	0	1	0	0	1	0	0	0	0	0	0	0	0	1	0	0	0	0	0	0	0	0	0	0	0	0	0	0	1	1.5	0	1	1	0	0	1	0	0	0	1	0	225.0	1	0
91	1	0	28.58	3.54	0	0	1	0	0	1	0	0	0	0	1	0	0	0	0	0	0	0	0	0	0	0	0	0	0	0	1	0	0	0.5	0	1	1	0	0	1	0	0	0	1	171	0.0	1	0
92	0	1	23.0	0.625	0	1	0	0	1	0	0	0	1	0	0	0	0	0	0	0	0	0	0	0	0	0	0	0	0	0	0	0	1	0.125	0	1	1	0	0	0	1	0	0	1	180	1.0	1	0
93	1	0	22.5	11.0	0	1	0	0	1	0	0	0	0	0	0	0	0	0	0	0	0	0	1	0	0	0	0	0	0	0	0	0	1	3.0	0	1	1	0	0	1	0	0	0	1	268	0.0	1	0
94	1	0	28.5	1.0	0	0	1	0	0	1	0	0	0	0	0	0	0	0	0	0	0	0	1	0	0	0	0	0	0	0	0	0	1	1.0	0	1	0	1	2	1	0	0	0	1	167	500.0	1	0
95	0	1	37.5	1.75	0	1	0	0	1	0	0	0	0	0	0	0	0	1	0	0	0	0	0	0	0	0	0	0	0	0	1	0	0	0.25	0	1	1	0	0	1	0	0	0	1	164	400.0	1	0
96	0	1	35.25	16.5	0	1	0	0	1	0	0	0	0	0	0	0	0	1	0	0	0	0	0	0	0	0	0	0	0	0	0	0	1	4.0	0	1	1	0	0	0	1	0	0	1	80	0.0	1	0
97	0	1	18.67	5.0	0	0	1	0	0	1	0	0	0	0	0	0	0	0	0	0	0	0	1	0	0	0	0	0	0	0	0	0	1	0.375	0	1	0	1	2	0	1	0	0	1	0	38.0	1	0
98	0	1	25.0	12.0	0	0	1	0	0	1	0	0	0	0	0	0	0	0	1	0	0	0	0	0	0	0	0	0	0	0	0	0	1	2.25	0	1	0	1	2	1	0	0	0	1	120	5.0	1	0
99	0	1	27.83	4.0	0	1	0	0	1	0	0	0	0	0	1	0	0	0	0	0	0	0	0	0	0	0	0	0	0	0	0	1	0	5.75	0	1	0	1	2	1	0	0	0	1	75	0.0	1	0
100	0	1	54.83	15.5	0	0	1	0	0	1	0	0	0	1	0	0	0	0	0	0	0	0	0	0	0	0	0	1	0	0	0	0	0	0.0	0	1	0	1	20	0	1	0	0	1	152	130.0	1	0
101	0	1	28.75	1.165	0	0	1	0	0	1	0	0	0	0	0	0	0	0	1	0	0	0	0	0	0	0	0	0	0	0	0	0	1	0.5	0	1	1	0	0	0	1	0	1	0	280	0.0	1	0
102	1	0	25.0	11.0	0	1	0	0	1	0	0	0	1	0	0	0	0	0	0	0	0	0	0	0	0	0	0	0	0	0	0	0	1	4.5	0	1	1	0	0	0	1	0	0	1	120	0.0	1	0
103	0	1	40.92	2.25	0	1	0	0	1	0	0	0	0	0	0	1	0	0	0	0	0	0	0	0	0	0	0	0	0	0	0	1	0	10.0	0	1	1	0	0	1	0	0	0	1	176	0.0	1	0
104	1	0	19.75	0.75	0	0	1	0	0	1	0	0	0	0	0	0	0	1	0	0	0	0	0	0	0	0	0	0	0	0	0	0	1	0.795	0	1	0	1	5	1	0	0	0	1	140	5.0	1	0
105	0	1	29.17	3.5	0	0	1	0	0	1	0	0	0	0	0	0	0	0	0	0	0	0	0	1	0	0	0	0	0	0	0	0	1	3.5	0	1	0	1	3	1	0	0	0	1	329	0.0	1	0
106	1	0	24.5	1.04	0	1	0	0	1	0	0	1	0	0	0	0	0	0	0	0	0	0	0	0	0	0	0	0	0	1	0	0	0	0.5	0	1	0	1	3	0	1	0	0	1	180	147.0	1	0
107	0	1	24.58	12.5	0	0	1	0	0	1	0	0	0	0	0	0	0	0	0	0	0	0	0	1	0	0	0	0	0	0	0	0	1	0.875	0	1	1	0	0	1	0	0	0	1	260	0.0	1	0
108	1	0	33.75	0.75	0	0	1	0	0	1	0	0	0	0	0	0	0	0	1	0	0	0	0	0	0	0	0	0	0	0	1	0	0	1.0	0	1	0	1	3	1	0	0	0	1	212	0.0	1	0
109	0	1	20.67	1.25	0	1	0	0	1	0	0	0	0	0	0	0	0	1	0	0	0	0	0	0	0	0	0	0	0	0	0	1	0	1.375	0	1	0	1	3	1	0	0	0	1	140	210.0	1	0
110	1	0	25.42	1.125	0	0	1	0	0	1	0	0	0	0	0	0	0	0	0	0	0	0	1	0	0	0	0	0	0	0	0	0	1	1.29	0	1	0	1	2	0	1	0	0	1	200	0.0	1	0
111	0	1	37.75	7.0	0	0	1	0	0	1	0	0	0	0	0	0	0	0	0	0	0	0	1	0	0	0	0	0	0	0	0	1	0	11.5	0	1	0	1	7	1	0	0	0	1	300	5.0	1	0
112	0	1	52.5	6.5	0	0	1	0	0	1	0	0	0	0	0	0	0	0	1	0	0	0	0	0	0	0	0	0	0	0	0	0	1	6.29	0	1	0	1	15	0	1	0	0	1	0	11202.0	0	1
113	0	1	57.83	7.04	0	0	1	0	0	1	0	0	0	0	0	0	0	0	0	0	0	1	0	0	0	0	0	0	0	0	0	0	1	14.0	0	1	0	1	6	1	0	0	0	1	360	1332.0	0	1
114	1	0	20.75	10.335	0	0	1	0	0	1	0	0	0	0	0	0	0	0	0	1	0	0	0	0	0	0	0	0	0	0	0	1	0	0.335	0	1	0	1	1	1	0	0	0	1	80	50.0	0	1
115	0	1	39.92	6.21	0	0	1	0	0	1	0	0	0	0	0	0	0	0	0	0	0	0	1	0	0	0	0	0	0	0	0	0	1	0.04	0	1	0	1	1	0	1	0	0	1	200	300.0	0	1
116	0	1	25.67	12.5	0	0	1	0	0	1	0	0	0	0	0	0	0	0	0	1	0	0	0	0	0	0	0	0	0	0	0	0	1	1.21	0	1	0	1	67	1	0	0	0	1	140	258.0	0	1
117	1	0	24.75	12.5	0	0	1	0	0	1	0	0	1	0	0	0	0	0	0	0	0	0	0	0	0	0	0	0	0	0	0	0	1	1.5	0	1	0	1	12	1	0	0	0	1	120	567.0	0	1
118	1	0	44.17	6.665	0	0	1	0	0	1	0	0	0	0	0	0	0	0	0	0	0	0	1	0	0	0	0	0	0	0	0	0	1	7.375	0	1	0	1	3	1	0	0	0	1	0	0.0	0	1
119	1	0	23.5	9.0	0	0	1	0	0	1	0	0	0	0	0	0	0	0	0	0	0	0	1	0	0	0	0	0	0	0	0	0	1	8.5	0	1	0	1	5	1	0	0	0	1	120	0.0	0	1
120	0	1	34.92	5.0	0	0	1	0	0	1	0	0	0	0	0	1	0	0	0	0	0	0	0	0	0	0	0	0	0	0	0	1	0	7.5	0	1	0	1	6	1	0	0	0	1	0	1000.0	0	1
121	0	1	47.67	2.5	0	0	1	0	0	1	0	0	0	0	0	0	0	0	0	0	0	1	0	0	0	0	0	0	0	0	1	0	0	2.5	0	1	0	1	12	1	0	0	0	1	410	2510.0	0	1
122	0	1	22.75	11.0	0	0	1	0	0	1	0	0	0	0	0	0	0	0	0	0	0	0	1	0	0	0	0	0	0	0	0	0	1	2.5	0	1	0	1	7	1	0	0	0	1	100	809.0	0	1
123	0	1	34.42	4.25	0	0	1	0	0	1	0	0	0	0	1	0	0	0	0	0	0	0	0	0	0	0	0	0	0	0	1	0	0	3.25	0	1	0	1	2	0	1	0	0	1	274	610.0	0	1
124	1	0	28.42	3.5	0	0	1	0	0	1	0	0	0	0	0	0	0	0	0	0	0	0	0	1	0	0	0	0	0	0	0	0	1	0.835	0	1	1	0	0	0	1	0	1	0	280	0.0	0	1
125	0	1	67.75	5.5	0	0	1	0	0	1	0	0	0	1	0	0	0	0	0	0	0	0	0	0	0	0	0	1	0	0	0	0	0	13.0	0	1	0	1	1	1	0	0	0	1	0	0.0	0	1
126	0	1	20.42	1.835	0	0	1	0	0	1	0	0	0	0	0	0	0	1	0	0	0	0	0	0	0	0	0	0	0	0	0	0	1	2.25	0	1	0	1	1	0	1	0	0	1	100	150.0	0	1
127	1	0	47.42	8.0	0	0	1	0	0	1	0	0	0	1	0	0	0	0	0	0	0	0	0	0	0	0	0	0	0	0	1	0	0	6.5	0	1	0	1	6	0	1	0	0	1	375	51100.0	0	1
128	0	1	36.25	5.0	0	0	1	0	0	1	0	0	0	0	0	0	0	1	0	0	0	0	0	0	0	0	0	0	0	0	1	0	0	2.5	0	1	0	1	6	0	1	0	0	1	0	367.0	0	1
129	0	1	32.67	5.5	0	0	1	0	0	1	0	0	0	0	0	0	0	0	0	0	0	0	1	0	0	0	0	0	0	0	0	1	0	5.5	0	1	0	1	12	1	0	0	0	1	408	1000.0	0	1
130	0	1	48.58	6.5	0	0	1	0	0	1	0	0	0	0	0	0	0	0	0	0	0	0	1	0	0	0	0	0	0	0	0	1	0	6.0	0	1	1	0	0	1	0	0	0	1	350	0.0	0	1
131	0	1	39.92	0.54	0	1	0	0	1	0	0	0	1	0	0	0	0	0	0	0	0	0	0	0	0	0	0	0	0	0	0	0	1	0.5	0	1	0	1	3	0	1	0	0	1	200	1000.0	0	1
132	0	1	33.58	2.75	0	0	1	0	0	1	0	0	0	0	0	0	0	0	0	0	0	1	0	0	0	0	0	0	0	0	0	0	1	4.25	0	1	0	1	6	0	1	0	0	1	204	0.0	0	1
133	1	0	18.83	9.5	0	0	1	0	0	1	0	0	0	0	0	0	0	0	0	0	0	0	0	1	0	0	0	0	0	0	0	0	1	1.625	0	1	0	1	6	1	0	0	0	1	40	600.0	0	1
134	1	0	26.92	13.5	0	0	1	0	0	1	0	0	0	0	0	0	0	0	0	0	0	0	1	0	0	0	0	0	0	0	0	1	0	5.0	0	1	0	1	2	0	1	0	0	1	0	5000.0	0	1
135	1	0	31.25	3.75	0	0	1	0	0	1	0	0	0	0	0	0	0	0	0	1	0	0	0	0	0	0	0	0	0	0	0	1	0	0.625	0	1	0	1	9	1	0	0	0	1	181	0.0	0	1
136	1	0	56.5	16.0	0	0	1	0	0	1	1	0	0	0	0	0	0	0	0	0	0	0	0	0	0	0	0	0	0	1	0	0	0	0.0	0	1	0	1	15	0	1	0	0	1	0	247.0	0	1
137	0	1	43.0	0.29	0	1	0	0	1	0	0	0	0	0	0	0	0	0	0	1	0	0	0	0	0	0	0	0	0	0	0	1	0	1.75	0	1	0	1	8	0	1	0	0	1	100	375.0	0	1
138	0	1	22.33	11.0	0	0	1	0	0	1	0	0	0	0	0	0	0	0	0	0	0	0	0	1	0	0	0	0	0	0	0	0	1	2.0	0	1	0	1	1	0	1	0	0	1	80	278.0	0	1
139	0	1	27.25	1.665	0	0	1	0	0	1	0	0	0	0	0	0	0	0	0	1	0	0	0	0	0	0	0	0	0	0	0	1	0	5.085	0	1	0	1	9	0	1	0	0	1	399	827.0	0	1
140	0	1	32.83	2.5	0	0	1	0	0	1	0	0	0	0	0	0	0	0	0	1	0	0	0	0	0	0	0	0	0	0	0	1	0	2.75	0	1	0	1	6	0	1	0	0	1	160	2072.0	0	1
141	0	1	23.25	1.5	0	0	1	0	0	1	0	0	0	0	0	0	0	0	0	0	0	0	1	0	0	0	0	0	0	0	0	0	1	2.375	0	1	0	1	3	1	0	0	0	1	0	582.0	0	1
142	1	0	40.33	7.54	0	1	0	0	1	0	0	0	0	0	0	0	0	0	0	0	0	0	1	0	0	0	0	0	0	0	0	1	0	8.0	0	1	0	1	14	0	1	0	0	1	0	2300.0	0	1
143	1	0	30.5	6.5	0	0	1	0	0	1	0	0	0	0	0	0	0	1	0	0	0	0	0	0	0	0	0	0	0	0	1	0	0	4.0	0	1	0	1	7	1	0	0	0	1	0	3065.0	0	1
144	1	0	52.83	15.0	0	0	1	0	0	1	0	0	0	0	0	0	0	1	0	0	0	0	0	0	0	0	0	0	0	0	0	0	1	5.5	0	1	0	1	14	0	1	0	0	1	0	2200.0	0	1
145	1	0	46.67	0.46	0	0	1	0	0	1	0	0	0	0	0	0	0	0	0	1	0	0	0	0	0	0	0	0	0	0	0	1	0	0.415	0	1	0	1	11	1	0	0	0	1	440	6.0	0	1
146	1	0	58.33	10.0	0	0	1	0	0	1	0	0	0	0	0	0	0	0	0	0	0	0	1	0	0	0	0	0	0	0	0	0	1	4.0	0	1	0	1	14	0	1	0	0	1	0	1602.0	0	1
147	0	1	37.33	6.5	0	0	1	0	0	1	0	0	0	0	0	0	0	0	0	0	0	1	0	0	0	0	0	0	0	0	0	1	0	4.25	0	1	0	1	12	1	0	0	0	1	93	0.0	0	1
148	0	1	23.08	2.5	0	0	1	0	0	1	0	0	0	0	0	0	0	1	0	0	0	0	0	0	0	0	0	0	0	0	0	0	1	1.085	0	1	0	1	11	1	0	0	0	1	60	2184.0	0	1
149	0	1	32.75	1.5	0	0	1	0	0	1	0	0	0	0	0	0	0	0	0	1	0	0	0	0	0	0	0	0	0	0	0	1	0	5.5	0	1	0	1	3	1	0	0	0	1	0	0.0	0	1
150	1	0	21.67	11.5	0	1	0	0	1	0	1	0	0	0	0	0	0	0	0	0	0	0	0	0	0	0	0	0	1	0	0	0	0	0.0	0	1	0	1	11	1	0	0	0	1	0	0.0	0	1
151	1	0	28.5	3.04	0	1	0	0	1	0	0	0	0	0	0	1	0	0	0	0	0	0	0	0	0	0	0	0	0	0	0	1	0	2.54	0	1	0	1	1	0	1	0	0	1	70	0.0	0	1
152	1	0	68.67	15.0	0	0	1	0	0	1	0	0	0	1	0	0	0	0	0	0	0	0	0	0	0	0	0	1	0	0	0	0	0	0.0	0	1	0	1	14	0	1	0	0	1	0	3376.0	0	1
153	0	1	28.0	2.0	0	0	1	0	0	1	0	0	0	0	0	0	0	0	1	0	0	0	0	0	0	0	0	0	0	0	0	1	0	4.165	0	1	0	1	2	1	0	0	0	1	181	0.0	0	1
154	0	1	34.08	0.08	0	1	0	0	1	0	0	0	0	0	0	0	0	0	0	0	0	1	0	0	0	0	0	0	0	0	1	0	0	0.04	0	1	0	1	1	1	0	0	0	1	280	2000.0	0	1
155	0	1	27.67	2.0	0	0	1	0	0	1	0	0	0	0	0	1	0	0	0	0	0	0	0	0	0	0	0	0	0	0	0	1	0	1.0	0	1	0	1	4	0	1	0	0	1	140	7544.0	0	1
156	0	1	44.0	2.0	0	0	1	0	0	1	0	0	0	0	0	0	0	0	0	0	0	1	0	0	0	0	0	0	0	0	0	0	1	1.75	0	1	0	1	2	1	0	0	0	1	0	15.0	0	1
157	0	1	25.08	1.71	0	0	1	0	0	1	0	0	0	0	0	1	0	0	0	0	0	0	0	0	0	0	0	0	0	0	0	0	1	1.665	0	1	0	1	1	1	0	0	0	1	395	20.0	0	1
158	0	1	32.0	1.75	0	1	0	0	1	0	0	0	0	1	0	0	0	0	0	0	0	0	0	0	0	0	0	0	0	0	0	1	0	0.04	0	1	1	0	0	1	0	0	0	1	393	0.0	0	1
159	1	0	60.58	16.5	0	0	1	0	0	1	0	0	0	0	0	0	0	0	0	0	0	0	1	0	0	0	0	0	0	0	0	0	1	11.0	0	1	1	0	0	1	0	0	0	1	21	10561.0	0	1
160	1	0	40.83	10.0	0	0	1	0	0	1	0	0	0	0	0	0	0	0	0	0	0	0	1	0	0	0	0	0	0	0	0	1	0	1.75	0	1	1	0	0	0	1	0	0	1	29	837.0	0	1
161	0	1	19.33	9.5	0	0	1	0	0	1	0	0	0	0	0	0	0	0	0	0	0	0	1	0	0	0	0	0	0	0	0	0	1	1.0	0	1	1	0	0	1	0	0	0	1	60	400.0	0	1
162	1	0	32.33	0.54	0	0	1	0	0	1	0	0	0	0	0	0	0	0	0	1	0	0	0	0	0	0	0	0	0	0	0	0	1	0.04	0	1	1	0	0	0	1	0	0	1	440	11177.0	0	1
163	0	1	36.67	3.25	0	0	1	0	0	1	0	0	0	0	0	0	0	0	0	0	0	0	1	0	0	0	0	0	0	0	0	1	0	9.0	0	1	1	0	0	1	0	0	0	1	102	639.0	0	1
164	0	1	37.5	1.125	0	1	0	0	1	0	0	0	0	0	0	0	1	0	0	0	0	0	0	0	0	0	0	0	0	0	0	0	1	1.5	1	0	1	0	0	1	0	0	0	1	431	0.0	0	1
165	1	0	25.08	2.54	0	1	0	0	1	0	0	0	1	0	0	0	0	0	0	0	0	0	0	0	0	0	0	0	0	0	0	0	1	0.25	0	1	1	0	0	1	0	0	0	1	370	0.0	0	1
166	0	1	41.33	0.0	0	0	1	0	0	1	0	0	0	0	0	0	0	1	0	0	0	0	0	0	0	0	0	0	0	0	1	0	0	15.0	0	1	1	0	0	0	1	0	0	1	0	0.0	0	1
167	0	1	56.0	12.5	0	0	1	0	0	1	0	0	0	0	0	0	0	0	1	0	0	0	0	0	0	0	0	0	0	0	0	1	0	8.0	0	1	1	0	0	1	0	0	0	1	24	2028.0	0	1
168	1	0	49.83	13.585	0	0	1	0	0	1	0	0	0	0	0	0	0	0	1	0	0	0	0	0	0	0	0	0	0	0	0	1	0	8.5	0	1	1	0	0	1	0	0	0	1	0	0.0	0	1
169	0	1	22.67	10.5	0	0	1	0	0	1	0	0	0	0	0	0	0	0	0	0	0	0	1	0	0	0	0	0	0	0	0	1	0	1.335	0	1	1	0	0	0	1	0	0	1	100	0.0	0	1
170	0	1	27.0	1.5	0	1	0	0	1	0	0	0	0	0	0	0	0	0	0	0	0	0	0	1	0	0	0	0	0	0	0	0	1	0.375	0	1	1	0	0	1	0	0	0	1	260	1065.0	0	1
171	0	1	25.0	12.5	0	0	1	0	0	1	0	0	1	0	0	0	0	0	0	0	0	0	0	0	0	0	0	0	0	0	0	0	1	3.0	0	1	1	0	0	1	0	0	1	0	20	0.0	0	1
172	1	0	26.08	8.665	0	0	1	0	0	1	0	0	1	0	0	0	0	0	0	0	0	0	0	0	0	0	0	0	0	0	0	0	1	1.415	0	1	1	0	0	0	1	0	0	1	160	150.0	0	1
173	1	0	18.42	9.25	0	0	1	0	0	1	0	0	0	0	0	0	0	0	0	0	0	0	1	0	0	0	0	0	0	0	0	0	1	1.21	0	1	0	1	4	0	1	0	0	1	60	540.0	0	1
174	0	1	20.17	8.17	0	0	1	0	0	1	0	0	1	0	0	0	0	0	0	0	0	0	0	0	0	0	0	0	0	0	0	0	1	1.96	0	1	0	1	14	0	1	0	0	1	60	158.0	0	1
175	0	1	47.67	0.29	0	0	1	0	0	1	0	0	0	0	0	0	0	1	0	0	0	0	0	0	0	0	0	0	0	0	1	0	0	15.0	0	1	0	1	20	0	1	0	0	1	0	15000.0	0	1
176	1	0	21.25	2.335	0	0	1	0	0	1	0	0	0	0	1	0	0	0	0	0	0	0	0	0	0	0	0	0	0	0	1	0	0	0.5	0	1	0	1	4	0	1	0	1	0	80	0.0	0	1
177	1	0	20.67	3.0	0	0	1	0	0	1	0	0	0	0	0	0	0	0	0	0	0	0	1	0	0	0	0	0	0	0	0	0	1	0.165	0	1	0	1	3	0	1	0	0	1	100	6.0	0	1
178	1	0	57.08	19.5	0	0	1	0	0	1	0	0	0	0	0	0	0	1	0	0	0	0	0	0	0	0	0	0	0	0	0	0	1	5.5	0	1	0	1	7	0	1	0	0	1	0	3000.0	0	1
179	1	0	22.42	5.665	0	0	1	0	0	1	0	0	0	0	0	0	0	0	0	0	0	0	1	0	0	0	0	0	0	0	0	0	1	2.585	0	1	0	1	7	0	1	0	0	1	129	3257.0	0	1
180	0	1	48.75	8.5	0	0	1	0	0	1	0	0	0	0	0	0	0	1	0	0	0	0	0	0	0	0	0	0	0	0	0	1	0	12.5	0	1	0	1	9	0	1	0	0	1	181	1655.0	0	1
181	0	1	40.0	6.5	0	0	1	0	0	1	0	0	1	0	0	0	0	0	0	0	0	0	0	0	0	0	0	0	0	0	1	0	0	3.5	0	1	0	1	1	0	1	0	0	1	0	500.0	0	1
182	0	1	40.58	5.0	0	0	1	0	0	1	0	0	0	0	0	0	0	1	0	0	0	0	0	0	0	0	0	0	0	0	0	0	1	5.0	0	1	0	1	7	0	1	0	0	1	0	3065.0	0	1
183	1	0	28.67	1.04	0	0	1	0	0	1	0	0	0	0	0	0	0	1	0	0	0	0	0	0	0	0	0	0	0	0	0	0	1	2.5	0	1	0	1	5	1	0	0	0	1	300	1430.0	0	1
184	1	0	33.08	4.625	0	0	1	0	0	1	0	0	0	0	0	0	0	0	0	0	0	0	1	0	0	0	0	0	0	0	0	1	0	1.625	0	1	0	1	2	0	1	0	0	1	0	0.0	0	1
185	0	1	21.33	10.5	0	0	1	0	0	1	0	0	0	0	0	0	0	1	0	0	0	0	0	0	0	0	0	0	0	0	0	0	1	3.0	0	1	1	0	0	1	0	0	0	1	0	0.0	0	1
186	0	1	42.0	0.205	0	0	1	0	0	1	0	0	0	0	1	0	0	0	0	0	0	0	0	0	0	0	0	0	0	0	0	1	0	5.125	0	1	1	0	0	0	1	0	0	1	400	0.0	0	1
187	0	1	41.75	0.96	0	0	1	0	0	1	0	0	0	0	0	1	0	0	0	0	0	0	0	0	0	0	0	0	0	0	0	0	1	2.5	0	1	1	0	0	0	1	0	0	1	510	600.0	0	1
188	0	1	22.67	1.585	0	1	0	0	1	0	0	0	0	0	0	0	0	0	0	0	0	0	0	1	0	0	0	0	0	0	0	0	1	3.085	0	1	0	1	6	0	1	0	0	1	80	0.0	0	1
189	0	1	34.5	4.04	0	1	0	0	1	0	0	0	0	0	1	0	0	0	0	0	0	0	0	0	0	0	0	0	0	0	1	0	0	8.5	0	1	0	1	7	1	0	0	0	1	195	0.0	0	1
190	0	1	28.25	5.04	0	1	0	0	1	0	0	0	0	0	0	0	0	1	0	0	0	0	0	0	0	0	0	0	0	0	1	0	0	1.5	0	1	0	1	8	1	0	0	0	1	144	7.0	0	1
191	0	1	33.17	3.165	0	1	0	0	1	0	0	0	0	0	0	1	0	0	0	0	0	0	0	0	0	0	0	0	0	0	0	0	1	3.165	0	1	0	1	3	1	0	0	0	1	380	0.0	0	1
192	0	1	48.17	7.625	0	0	1	0	0	1	0	0	0	0	0	0	0	0	0	0	0	0	0	1	0	0	0	0	0	0	0	1	0	15.5	0	1	0	1	12	0	1	0	0	1	0	790.0	0	1
193	0	1	27.58	2.04	0	1	0	0	1	0	0	0	1	0	0	0	0	0	0	0	0	0	0	0	0	0	0	0	0	0	0	0	1	2.0	0	1	0	1	3	1	0	0	0	1	370	560.0	0	1
194	0	1	22.58	10.04	0	0	1	0	0	1	0	0	0	0	0	1	0	0	0	0	0	0	0	0	0	0	0	0	0	0	0	0	1	0.04	0	1	0	1	9	0	1	0	0	1	60	396.0	0	1
195	1	0	24.08	0.5	0	0	1	0	0	1	0	0	0	0	0	0	0	0	0	0	0	0	1	0	0	0	0	0	0	0	0	1	0	1.25	0	1	0	1	1	0	1	0	0	1	0	678.0	0	1
196	1	0	41.33	1.0	0	0	1	0	0	1	0	0	0	0	1	0	0	0	0	0	0	0	0	0	0	0	0	0	0	0	1	0	0	2.25	0	1	1	0	0	1	0	0	0	1	0	300.0	0	1
197	1	0	20.75	10.25	0	0	1	0	0	1	0	0	0	0	0	0	0	0	0	0	0	0	1	0	0	0	0	0	0	0	0	0	1	0.71	0	1	0	1	2	1	0	0	0	1	49	0.0	0	1
198	0	1	36.33	2.125	0	1	0	0	1	0	0	0	0	0	0	0	0	0	0	0	0	0	0	1	0	0	0	0	0	0	0	0	1	0.085	0	1	0	1	1	0	1	0	0	1	50	1187.0	0	1
199	1	0	35.42	12.0	0	0	1	0	0	1	0	0	0	0	0	0	0	0	0	0	0	0	1	0	0	0	0	0	0	0	0	1	0	14.0	0	1	0	1	8	0	1	0	0	1	0	6590.0	0	1
200	0	1	28.67	9.335	0	0	1	0	0	1	0	0	0	0	0	0	0	0	0	0	0	0	1	0	0	0	0	0	0	0	0	1	0	5.665	0	1	0	1	6	0	1	0	0	1	381	168.0	0	1
201	0	1	35.17	2.5	0	0	1	0	0	1	0	0	0	0	0	0	0	0	1	0	0	0	0	0	0	0	0	0	0	0	0	0	1	4.5	0	1	0	1	7	0	1	0	0	1	150	1270.0	0	1
202	0	1	39.5	4.25	0	0	1	0	0	1	0	0	0	0	0	0	0	1	0	0	0	0	0	0	0	0	0	0	0	0	1	0	0	6.5	0	1	0	1	16	0	1	0	0	1	117	1210.0	0	1
203	0	1	39.33	5.875	0	0	1	0	0	1	0	0	0	0	0	0	0	0	0	1	0	0	0	0	0	0	0	0	0	0	0	1	0	10.0	0	1	0	1	14	1	0	0	0	1	399	0.0	0	1
204	0	1	24.33	6.625	0	1	0	0	1	0	0	0	0	0	0	0	1	0	0	0	0	0	0	0	0	0	0	0	0	0	0	0	1	5.5	0	1	1	0	0	1	0	0	1	0	100	0.0	0	1
205	0	1	60.08	14.5	0	0	1	0	0	1	0	1	0	0	0	0	0	0	0	0	0	0	0	0	0	0	0	0	0	1	0	0	0	18.0	0	1	0	1	15	1	0	0	0	1	0	1000.0	0	1
206	0	1	23.08	11.5	0	0	1	0	0	1	0	0	0	0	1	0	0	0	0	0	0	0	0	0	0	0	0	0	0	0	0	0	1	3.5	0	1	0	1	9	0	1	0	0	1	56	742.0	0	1
207	0	1	26.67	2.71	0	1	0	0	1	0	0	0	0	0	0	0	0	0	0	1	0	0	0	0	0	0	0	0	0	0	0	0	1	5.25	0	1	0	1	1	0	1	0	0	1	211	0.0	0	1
208	0	1	48.17	3.5	0	0	1	0	0	1	0	0	1	0	0	0	0	0	0	0	0	0	0	0	0	0	0	0	0	0	0	0	1	3.5	0	1	1	0	0	0	1	0	1	0	230	0.0	0	1
209	0	1	41.17	4.04	0	0	1	0	0	1	0	0	0	0	0	0	0	0	0	1	0	0	0	0	0	0	0	0	0	0	0	1	0	7.0	0	1	0	1	8	0	1	0	0	1	320	0.0	0	1
210	0	1	55.92	11.5	0	0	1	0	0	1	0	1	0	0	0	0	0	0	0	0	0	0	0	0	0	0	0	0	0	1	0	0	0	5.0	0	1	0	1	5	0	1	0	0	1	0	8851.0	0	1
211	0	1	53.92	9.625	0	0	1	0	0	1	0	0	0	1	0	0	0	0	0	0	0	0	0	0	0	0	0	0	0	0	0	0	1	8.665	0	1	0	1	5	0	1	0	0	1	0	0.0	0	1
212	1	0	18.92	9.25	0	1	0	0	1	0	0	0	0	0	0	0	0	1	0	0	0	0	0	0	0	0	0	0	0	0	0	0	1	1.0	0	1	0	1	4	1	0	0	0	1	80	500.0	0	1
213	1	0	50.08	12.54	0	0	1	0	0	1	0	0	1	0	0	0	0	0	0	0	0	0	0	0	0	0	0	0	0	0	0	0	1	2.29	0	1	0	1	3	1	0	0	0	1	156	0.0	0	1
214	0	1	65.42	11.0	0	0	1	0	0	1	0	0	0	1	0	0	0	0	0	0	0	0	0	0	0	0	0	1	0	0	0	0	0	20.0	0	1	0	1	7	1	0	0	0	1	22	0.0	0	1
215	1	0	17.58	9.0	0	0	1	0	0	1	0	0	1	0	0	0	0	0	0	0	0	0	0	0	0	0	0	0	0	0	0	0	1	1.375	0	1	1	0	0	1	0	0	0	1	0	0.0	0	1
216	1	0	18.83	9.54	0	0	1	0	0	1	0	0	1	0	0	0	0	0	0	0	0	0	0	0	0	0	0	0	0	0	0	0	1	0.085	0	1	1	0	0	0	1	0	0	1	100	0.0	0	1
217	1	0	37.75	5.5	0	0	1	0	0	1	0	0	0	0	0	0	0	0	0	0	0	0	1	0	0	0	0	0	0	0	0	0	1	0.125	0	1	1	0	0	1	0	0	0	1	228	0.0	0	1
218	0	1	23.25	4.0	0	0	1	0	0	1	0	0	0	0	0	0	0	1	0	0	0	0	0	0	0	0	0	0	0	0	1	0	0	0.25	0	1	1	0	0	1	0	0	0	1	160	0.0	0	1
219	0	1	18.08	5.5	0	0	1	0	0	1	0	0	0	0	0	0	0	0	1	0	0	0	0	0	0	0	0	0	0	0	0	0	1	0.5	0	1	1	0	0	0	1	0	0	1	80	0.0	0	1
220	1	0	22.5	8.46	0	1	0	0	1	0	0	0	0	0	0	1	0	0	0	0	0	0	0	0	0	0	0	0	0	0	0	0	1	2.46	1	0	1	0	0	0	1	0	0	1	164	0.0	0	1
221	0	1	19.67	0.375	0	0	1	0	0	1	0	0	0	0	0	0	0	0	0	0	0	0	1	0	0	0	0	0	0	0	0	0	1	2.0	0	1	0	1	2	1	0	0	0	1	80	0.0	0	1
222	0	1	22.08	11.0	0	0	1	0	0	1	0	0	0	0	0	0	0	0	0	1	0	0	0	0	0	0	0	0	0	0	0	0	1	0.665	0	1	1	0	0	0	1	0	0	1	100	0.0	0	1
223	0	1	25.17	3.5	0	0	1	0	0	1	0	0	0	0	0	0	0	0	0	1	0	0	0	0	0	0	0	0	0	0	0	0	1	0.625	0	1	0	1	7	0	1	0	0	1	0	7059.0	0	1
224	1	0	47.42	3.0	0	0	1	0	0	1	0	0	0	0	0	1	0	0	0	0	0	0	0	0	0	0	0	0	0	0	0	0	1	13.875	0	1	0	1	2	1	0	0	0	1	519	1704.0	0	1
225	0	1	33.5	1.75	0	0	1	0	0	1	0	0	0	0	0	1	0	0	0	0	0	0	0	0	0	0	0	0	0	0	0	1	0	4.5	0	1	0	1	4	1	0	0	0	1	253	857.0	0	1
226	0	1	27.67	13.75	0	0	1	0	0	1	0	0	0	0	0	0	0	0	0	0	0	0	0	1	0	0	0	0	0	0	0	0	1	5.75	0	1	1	0	0	1	0	0	0	1	487	500.0	0	1
227	1	0	58.42	21.0	0	0	1	0	0	1	0	0	0	0	1	0	0	0	0	0	0	0	0	0	0	0	0	0	0	0	1	0	0	10.0	0	1	0	1	13	0	1	0	0	1	0	6700.0	0	1
228	1	0	20.67	1.835	0	0	1	0	0	1	0	0	0	0	0	0	0	0	0	0	0	0	1	0	0	0	0	0	0	0	0	0	1	2.085	0	1	0	1	5	0	1	0	0	1	220	2503.0	0	1
229	0	1	26.17	0.25	0	0	1	0	0	1	0	0	0	0	1	0	0	0	0	0	0	0	0	0	0	0	0	0	0	0	1	0	0	0.0	0	1	1	0	0	1	0	0	0	1	0	0.0	0	1
230	0	1	21.33	7.5	0	0	1	0	0	1	0	0	1	0	0	0	0	0	0	0	0	0	0	0	0	0	0	0	0	0	0	0	1	1.415	0	1	0	1	1	0	1	0	0	1	80	9800.0	0	1
231	0	1	42.83	4.625	0	0	1	0	0	1	0	0	0	0	0	0	0	0	0	0	0	0	1	0	0	0	0	0	0	0	0	0	1	4.58	0	1	1	0	0	0	1	0	1	0	0	0.0	0	1
232	0	1	38.17	10.125	0	0	1	0	0	1	0	0	0	0	0	1	0	0	0	0	0	0	0	0	0	0	0	0	0	0	0	0	1	2.5	0	1	0	1	6	0	1	0	0	1	520	196.0	0	1
233	0	1	20.5	10.0	0	1	0	0	1	0	0	0	0	0	0	0	0	1	0	0	0	0	0	0	0	0	0	0	0	0	0	0	1	2.5	0	1	1	0	0	0	1	0	1	0	40	0.0	0	1
234	0	1	48.25	25.085	0	0	1	0	0	1	0	0	0	0	0	0	0	0	0	0	0	0	0	1	0	0	0	0	0	0	0	0	1	1.75	0	1	0	1	3	0	1	0	0	1	120	14.0	0	1
235	0	1	28.33	5.0	0	0	1	0	0	1	0	0	0	0	0	0	0	0	0	0	0	0	0	1	0	0	0	0	0	0	0	0	1	11.0	0	1	1	0	0	1	0	0	0	1	70	0.0	0	1
236	0	1	18.5	2.0	0	0	1	0	0	1	0	0	0	0	1	0	0	0	0	0	0	0	0	0	0	0	0	0	0	0	0	0	1	1.5	0	1	0	1	2	0	1	0	0	1	120	300.0	0	1
237	0	1	33.17	3.04	0	1	0	0	1	0	0	0	0	0	0	0	0	1	0	0	0	0	0	0	0	0	0	0	0	0	0	1	0	2.04	0	1	0	1	1	1	0	0	0	1	180	18027.0	0	1
238	0	1	45.0	8.5	0	0	1	0	0	1	0	0	0	0	0	0	0	0	0	1	0	0	0	0	0	0	0	0	0	0	0	1	0	14.0	0	1	0	1	1	1	0	0	0	1	88	2000.0	0	1
239	1	0	19.67	0.21	0	0	1	0	0	1	0	0	0	0	0	0	0	0	0	0	0	0	1	0	0	0	0	0	0	0	0	1	0	0.29	0	1	0	1	11	0	1	0	0	1	80	99.0	0	1
240	0	1	21.83	11.0	0	0	1	0	0	1	0	0	0	0	0	1	0	0	0	0	0	0	0	0	0	0	0	0	0	0	0	0	1	0.29	0	1	0	1	6	0	1	0	0	1	121	0.0	0	1
241	0	1	40.25	21.5	0	0	1	0	0	1	0	0	0	1	0	0	0	0	0	0	0	0	0	0	0	0	0	1	0	0	0	0	0	20.0	0	1	0	1	11	0	1	0	0	1	0	1200.0	0	1
242	0	1	41.42	5.0	0	0	1	0	0	1	0	0	0	0	0	0	0	0	0	0	0	0	1	0	0	0	0	0	0	0	0	1	0	5.0	0	1	0	1	6	1	0	0	0	1	470	0.0	0	1
243	1	0	17.83	11.0	0	0	1	0	0	1	0	0	0	0	0	1	0	0	0	0	0	0	0	0	0	0	0	0	0	0	0	1	0	1.0	0	1	0	1	11	0	1	0	0	1	0	3000.0	0	1
244	0	1	23.17	11.125	0	0	1	0	0	1	0	0	0	0	0	1	0	0	0	0	0	0	0	0	0	0	0	0	0	0	0	1	0	0.46	0	1	0	1	1	0	1	0	0	1	100	0.0	0	1
245	0	1	18.17	10.25	0	0	1	0	0	1	0	0	0	0	0	0	0	1	0	0	0	0	0	0	0	0	0	0	0	0	0	1	0	1.085	1	0	1	0	0	0	1	0	0	1	320	13.0	1	0
246	0	1	20.0	11.045	0	0	1	0	0	1	0	0	0	0	0	0	0	1	0	0	0	0	0	0	0	0	0	0	0	0	0	0	1	2.0	1	0	1	0	0	1	0	0	0	1	136	0.0	1	0
247	0	1	20.0	0.0	0	0	1	0	0	1	0	0	0	0	0	0	1	0	0	0	0	0	0	0	0	0	0	0	0	0	0	0	1	0.5	1	0	1	0	0	0	1	0	0	1	144	0.0	1	0
248	1	0	20.75	9.54	0	0	1	0	0	1	0	0	0	0	1	0	0	0	0	0	0	0	0	0	0	0	0	0	0	0	0	0	1	0.04	1	0	1	0	0	0	1	0	0	1	200	1000.0	1	0
249	1	0	24.5	1.75	0	1	0	0	1	0	0	0	0	0	0	0	0	1	0	0	0	0	0	0	0	0	0	0	0	0	0	0	1	0.165	1	0	1	0	0	0	1	0	0	1	132	0.0	1	0
250	0	1	32.75	2.335	0	0	1	0	0	1	0	0	0	0	0	0	1	0	0	0	0	0	0	0	0	0	0	0	0	0	0	1	0	5.75	1	0	1	0	0	1	0	0	0	1	292	0.0	1	0
251	1	0	52.17	0.0	0	1	0	0	1	0	0	1	0	0	0	0	0	0	0	0	0	0	0	0	0	0	0	0	0	1	0	0	0	0.0	1	0	1	0	0	0	1	0	0	1	0	0.0	1	0
252	1	0	48.17	1.335	0	0	1	0	0	1	0	0	0	0	1	0	0	0	0	0	0	0	0	0	0	0	1	0	0	0	0	0	0	0.335	1	0	1	0	0	0	1	0	0	1	0	120.0	1	0
253	1	0	20.42	10.5	0	1	0	0	1	0	0	0	0	0	0	1	0	0	0	0	0	0	0	0	0	0	0	0	0	0	0	1	0	0.0	1	0	1	0	0	1	0	0	0	1	154	32.0	1	0
254	0	1	50.75	0.585	0	0	1	0	0	1	0	1	0	0	0	0	0	0	0	0	0	0	0	0	0	0	0	0	0	1	0	0	0	0.0	1	0	1	0	0	0	1	0	0	1	145	0.0	1	0
255	0	1	17.08	0.085	0	1	0	0	1	0	0	0	0	0	0	0	0	1	0	0	0	0	0	0	0	0	0	0	0	0	0	0	1	0.04	1	0	1	0	0	0	1	0	0	1	140	722.0	1	0
256	0	1	18.33	1.21	0	1	0	0	1	0	0	0	0	1	0	0	0	0	0	0	0	0	0	0	0	1	0	0	0	0	0	0	0	0.0	1	0	1	0	0	0	1	0	0	1	100	0.0	1	0
257	1	0	32.0	6.0	0	0	1	0	0	1	0	0	0	0	0	0	1	0	0	0	0	0	0	0	0	0	0	0	0	0	0	0	1	1.25	1	0	1	0	0	0	1	0	0	1	272	0.0	1	0
258	0	1	59.67	1.54	0	0	1	0	0	1	0	0	0	0	0	0	0	0	0	0	0	0	1	0	0	0	0	0	0	0	0	0	1	0.125	0	1	1	0	0	1	0	0	0	1	260	0.0	0	1
259	0	1	18.0	0.165	0	0	1	0	0	1	0	0	0	0	0	0	0	0	0	0	0	0	1	0	1	0	0	0	0	0	0	0	0	0.21	1	0	1	0	0	0	1	0	0	1	200	40.0	0	1
260	0	1	32.33	2.5	0	0	1	0	0	1	0	0	0	0	0	0	0	1	0	0	0	0	0	0	0	0	0	0	0	0	0	0	1	1.25	1	0	1	0	0	1	0	0	0	1	280	0.0	1	0
261	0	1	18.08	6.75	0	1	0	0	1	0	0	0	0	0	0	0	0	0	0	0	0	1	0	0	0	0	0	0	0	0	0	0	1	0.04	1	0	1	0	0	0	1	0	0	1	140	0.0	1	0
262	0	1	38.25	10.125	0	1	0	0	1	0	0	0	0	0	0	0	0	0	1	0	0	0	0	0	0	0	0	0	0	0	0	0	1	0.125	1	0	1	0	0	0	1	0	0	1	160	0.0	1	0
263	0	1	30.67	2.5	0	0	1	0	0	1	0	0	0	0	0	0	0	0	0	1	0	0	0	0	0	0	0	0	0	0	0	1	0	2.25	1	0	1	0	0	1	0	0	1	0	340	0.0	1	0
264	0	1	18.58	5.71	0	0	1	0	0	1	0	0	0	0	0	0	1	0	0	0	0	0	0	0	0	0	0	0	0	0	0	0	1	0.54	1	0	1	0	0	0	1	0	0	1	120	0.0	1	0
265	1	0	19.17	5.415	0	0	1	0	0	1	0	0	0	0	1	0	0	0	0	0	0	0	0	0	0	0	0	0	0	0	0	1	0	0.29	1	0	1	0	0	0	1	0	0	1	80	484.0	1	0
266	1	0	18.17	10.0	0	1	0	0	1	0	0	0	0	0	0	0	0	0	0	0	0	0	1	0	0	0	0	0	0	0	0	1	0	0.165	1	0	1	0	0	0	1	0	0	1	340	0.0	1	0
267	0	1	16.25	0.835	0	0	1	0	0	1	0	0	0	0	0	0	0	0	0	0	0	1	0	0	0	0	0	0	0	0	0	0	1	0.085	0	1	1	0	0	0	1	0	1	0	200	0.0	1	0
268	0	1	21.17	0.875	0	1	0	0	1	0	0	0	0	0	0	0	0	1	0	0	0	0	0	0	0	0	0	0	0	0	0	1	0	0.25	1	0	1	0	0	0	1	0	0	1	280	204.0	1	0
269	0	1	23.92	0.585	0	1	0	0	1	0	0	0	0	0	0	0	0	0	0	1	0	0	0	0	0	0	0	0	0	0	0	1	0	0.125	1	0	1	0	0	0	1	0	0	1	240	1.0	1	0
270	0	1	17.67	4.46	0	0	1	0	0	1	0	0	0	0	0	0	0	1	0	0	0	0	0	0	0	0	0	0	0	0	0	0	1	0.25	1	0	1	0	0	0	1	0	1	0	80	0.0	1	0
271	1	0	16.5	1.25	0	0	1	0	0	1	0	0	0	0	0	0	0	0	0	0	0	0	1	0	0	0	0	0	0	0	0	0	1	0.25	1	0	0	1	1	0	1	0	0	1	108	98.0	1	0
272	0	1	23.25	12.625	0	0	1	0	0	1	0	0	0	0	0	0	0	1	0	0	0	0	0	0	0	0	0	0	0	0	0	0	1	0.125	1	0	0	1	2	0	1	0	0	1	0	5552.0	1	0
273	0	1	17.58	10.0	0	0	1	0	0	1	0	0	0	0	0	0	0	0	0	0	0	0	0	1	0	0	0	0	0	0	0	1	0	0.165	1	0	0	1	1	0	1	0	0	1	120	1.0	1	0
274	0	1	29.5	0.58	0	0	1	0	0	1	0	0	0	0	0	0	0	0	0	0	0	0	0	1	0	0	0	0	0	0	0	0	1	0.29	1	0	0	1	1	0	1	0	0	1	340	2803.0	1	0
275	0	1	18.83	0.415	0	1	0	0	1	0	0	0	0	0	0	0	0	1	0	0	0	0	0	0	0	0	0	0	0	0	0	0	1	0.165	1	0	0	1	1	0	1	0	0	1	200	1.0	1	0
276	1	0	21.75	1.75	0	1	0	0	1	0	1	0	0	0	0	0	0	0	0	0	0	0	0	0	0	0	0	0	1	0	0	0	0	0.0	1	0	1	0	0	0	1	0	0	1	160	0.0	1	0
277	0	1	23.0	0.75	0	0	1	0	0	1	0	0	0	0	0	0	0	0	0	0	0	1	0	0	0	0	0	0	0	0	0	0	1	0.5	1	0	1	0	0	1	0	0	1	0	320	0.0	1	0
278	1	0	18.25	10.0	0	0	1	0	0	1	0	0	0	0	0	0	0	0	0	0	0	0	0	1	0	0	0	0	0	0	0	0	1	1.0	1	0	0	1	1	0	1	0	0	1	120	1.0	1	0
279	0	1	25.42	0.54	0	0	1	0	0	1	0	0	0	0	0	0	0	0	0	0	0	0	0	1	0	0	0	0	0	0	0	0	1	0.165	1	0	0	1	1	0	1	0	0	1	272	444.0	1	0
280	0	1	35.75	2.415	0	0	1	0	0	1	0	0	0	0	0	0	0	0	0	0	0	0	0	1	0	0	0	0	0	0	0	0	1	0.125	1	0	0	1	2	0	1	0	0	1	220	1.0	1	0
281	1	0	16.08	0.335	0	0	1	0	0	1	0	1	0	0	0	0	0	0	0	0	0	0	0	0	0	0	0	0	0	1	0	0	0	0.0	1	0	0	1	1	0	1	0	0	1	160	126.0	1	0
282	1	0	31.92	3.125	0	0	1	0	0	1	0	1	0	0	0	0	0	0	0	0	0	0	0	0	0	0	0	0	0	1	0	0	0	3.04	1	0	0	1	2	1	0	0	0	1	200	4.0	1	0
283	0	1	69.17	9.0	0	0	1	0	0	1	0	1	0	0	0	0	0	0	0	0	0	0	0	0	0	0	0	0	0	1	0	0	0	4.0	1	0	0	1	1	0	1	0	0	1	70	6.0	1	0
284	0	1	32.92	2.5	0	0	1	0	0	1	0	0	1	0	0	0	0	0	0	0	0	0	0	0	0	0	0	0	0	0	0	0	1	1.75	1	0	0	1	2	1	0	0	0	1	720	0.0	1	0
285	0	1	16.33	2.75	0	0	1	0	0	1	0	0	1	0	0	0	0	0	0	0	0	0	0	0	0	0	0	0	0	0	0	0	1	0.665	1	0	0	1	1	0	1	0	0	1	80	21.0	1	0
286	0	1	22.17	12.125	0	0	1	0	0	1	0	0	0	0	0	0	0	1	0	0	0	0	0	0	0	0	0	0	0	0	0	0	1	3.335	1	0	0	1	2	1	0	0	0	1	180	173.0	1	0
287	1	0	57.58	2.0	0	0	1	0	0	1	0	1	0	0	0	0	0	0	0	0	0	0	0	0	0	0	0	0	0	1	0	0	0	6.5	1	0	0	1	1	0	1	0	0	1	0	10.0	1	0
288	0	1	18.25	0.165	0	0	1	0	0	1	0	0	0	0	0	0	1	0	0	0	0	0	0	0	0	0	0	0	0	0	0	0	1	0.25	1	0	1	0	0	1	0	0	1	0	280	0.0	1	0
289	0	1	23.42	1.0	0	0	1	0	0	1	0	0	0	0	0	0	0	1	0	0	0	0	0	0	0	0	0	0	0	0	0	0	1	0.5	1	0	1	0	0	1	0	0	1	0	280	0.0	1	0
290	1	0	15.92	2.875	0	0	1	0	0	1	0	0	0	0	0	0	0	0	0	0	0	0	1	0	0	0	0	0	0	0	0	0	1	0.085	1	0	1	0	0	0	1	0	0	1	120	0.0	1	0
291	1	0	24.75	13.665	0	0	1	0	0	1	0	0	0	0	0	0	0	0	0	0	0	0	1	0	0	0	0	0	0	0	0	1	0	1.5	1	0	1	0	0	0	1	0	0	1	280	1.0	1	0
292	0	1	48.75	26.335	0	1	0	0	1	0	0	1	0	0	0	0	0	0	0	0	0	0	0	0	0	0	0	0	0	1	0	0	0	0.0	0	1	1	0	0	1	0	0	0	1	0	0.0	1	0
293	0	1	23.5	2.75	0	0	1	0	0	1	0	1	0	0	0	0	0	0	0	0	0	0	0	0	0	0	0	0	0	1	0	0	0	4.5	1	0	1	0	0	0	1	0	0	1	160	25.0	1	0
294	0	1	18.58	10.29	0	0	1	0	0	1	0	1	0	0	0	0	0	0	0	0	0	0	0	0	0	0	0	0	0	1	0	0	0	0.415	1	0	1	0	0	0	1	0	0	1	80	0.0	1	0
295	0	1	27.75	1.29	0	0	1	0	0	1	0	0	0	0	0	0	0	0	1	0	0	0	0	0	0	0	0	0	0	0	0	1	0	0.25	1	0	1	0	0	1	0	0	1	0	140	0.0	1	0
296	1	0	31.75	3.0	0	1	0	0	1	0	1	0	0	0	0	0	0	0	0	0	0	0	0	0	0	0	0	0	1	0	0	0	0	0.0	1	0	1	0	0	0	1	0	0	1	160	20.0	1	0
297	1	0	24.83	4.5	0	0	1	0	0	1	0	0	0	0	0	0	0	0	0	0	0	0	0	1	0	0	0	0	0	0	0	0	1	1.0	1	0	1	0	0	1	0	0	0	1	360	6.0	1	0
298	0	1	19.0	1.75	0	1	0	0	1	0	0	0	0	0	0	0	0	1	0	0	0	0	0	0	0	0	0	0	0	0	0	0	1	2.335	1	0	1	0	0	1	0	0	0	1	112	6.0	1	0
299	1	0	16.33	0.21	0	0	1	0	0	1	0	0	1	0	0	0	0	0	0	0	0	0	0	0	0	0	0	0	0	0	0	0	1	0.125	1	0	1	0	0	0	1	0	0	1	200	1.0	1	0
300	1	0	18.58	10.0	0	0	1	0	0	1	0	0	0	0	0	0	1	0	0	0	0	0	0	0	0	0	0	0	0	0	0	0	1	0.415	1	0	1	0	0	0	1	0	0	1	80	42.0	1	0
301	0	1	16.25	0.0	0	1	0	0	1	0	0	0	1	0	0	0	0	0	0	0	0	0	0	0	0	0	0	0	0	0	0	0	1	0.25	1	0	1	0	0	0	1	0	0	1	60	0.0	1	0
302	0	1	23.0	0.75	0	0	1	0	0	1	0	0	0	0	0	0	0	0	0	0	0	1	0	0	0	0	0	0	0	0	0	0	1	0.5	0	1	1	0	0	1	0	0	1	0	320	0.0	1	0
303	0	1	21.17	0.25	0	1	0	0	1	0	0	0	0	0	0	0	0	1	0	0	0	0	0	0	0	0	0	0	0	0	0	1	0	0.25	1	0	1	0	0	0	1	0	0	1	280	204.0	1	0
304	0	1	17.5	22.0	1	0	0	1	0	0	0	1	0	0	0	0	0	0	0	0	0	0	0	0	0	0	1	0	0	0	0	0	0	0.0	1	0	1	0	0	1	0	1	0	0	450	100000.0	0	1
305	0	1	19.17	0.0	0	1	0	0	1	0	0	0	0	0	0	0	0	0	0	0	0	1	0	0	0	0	0	0	0	0	1	0	0	0.0	1	0	1	0	0	1	0	0	1	0	500	1.0	0	1
306	0	1	36.75	0.125	0	1	0	0	1	0	0	0	0	0	0	0	0	1	0	0	0	0	0	0	0	0	0	0	0	0	0	0	1	1.5	1	0	1	0	0	1	0	0	0	1	232	113.0	0	1
307	0	1	21.25	1.5	0	0	1	0	0	1	0	0	0	0	0	0	0	0	0	0	0	0	0	1	0	0	0	0	0	0	0	0	1	1.5	1	0	1	0	0	0	1	0	0	1	150	8.0	0	1
308	1	0	18.08	0.375	1	0	0	1	0	0	0	0	0	0	0	0	0	0	0	1	0	0	0	0	0	0	0	0	0	1	0	0	0	10.0	1	0	1	0	0	1	0	0	1	0	300	0.0	0	1
309	1	0	33.67	0.375	0	0	1	0	0	1	0	0	0	0	0	0	0	0	0	1	0	0	0	0	0	0	0	0	0	0	0	0	1	0.375	1	0	1	0	0	0	1	0	0	1	300	44.0	0	1
310	0	1	48.58	0.205	0	1	0	0	1	0	0	0	0	0	0	0	0	0	1	0	0	0	0	0	0	0	0	0	0	0	0	0	1	0.25	0	1	0	1	11	0	1	0	0	1	380	2732.0	0	1
311	0	1	33.67	1.25	0	0	1	0	0	1	0	0	0	0	0	0	0	0	0	0	0	0	0	1	0	0	0	0	0	0	0	0	1	1.165	1	0	1	0	0	0	1	0	0	1	120	0.0	1	0
312	1	0	29.5	1.085	0	1	0	0	1	0	0	0	0	0	0	1	0	0	0	0	0	0	0	0	0	0	0	0	0	0	0	0	1	1.0	1	0	1	0	0	0	1	0	0	1	280	13.0	1	0
313	0	1	30.17	1.085	0	1	0	0	1	0	0	0	0	0	0	0	0	1	0	0	0	0	0	0	0	0	0	0	0	0	0	0	1	0.04	1	0	1	0	0	0	1	0	0	1	170	179.0	1	0
314	0	1	34.83	2.5	0	1	0	0	1	0	0	0	0	0	0	0	0	0	0	0	0	0	0	1	0	0	0	0	0	0	0	0	1	3.0	1	0	1	0	0	0	1	0	1	0	200	0.0	1	0
315	1	0	33.25	2.5	0	1	0	0	1	0	0	0	0	0	0	0	0	1	0	0	0	0	0	0	0	0	0	0	0	0	0	0	1	2.5	1	0	1	0	0	1	0	0	0	1	0	2.0	1	0
316	0	1	34.08	2.5	0	0	1	0	0	1	0	0	0	0	0	0	0	1	0	0	0	0	0	0	0	0	0	0	0	0	0	0	1	1.0	1	0	1	0	0	0	1	0	0	1	460	16.0	1	0
317	1	0	25.25	12.5	0	0	1	0	0	1	0	0	0	0	0	0	1	0	0	0	0	0	0	0	0	0	0	0	0	0	0	0	1	1.0	1	0	1	0	0	1	0	0	0	1	180	1062.0	1	0
318	0	1	34.75	2.5	0	0	1	0	0	1	0	0	0	0	0	0	0	0	0	1	0	0	0	0	0	0	0	0	0	0	1	0	0	0.5	1	0	1	0	0	0	1	0	0	1	348	0.0	1	0
319	0	1	27.67	0.75	0	0	1	0	0	1	0	0	0	0	0	0	0	0	0	0	0	0	1	0	0	0	0	0	0	0	0	1	0	0.165	1	0	1	0	0	1	0	0	0	1	220	251.0	1	0
320	0	1	47.33	6.5	0	0	1	0	0	1	0	0	0	0	0	0	0	1	0	0	0	0	0	0	0	0	0	0	0	0	0	0	1	1.0	1	0	1	0	0	1	0	0	0	1	0	228.0	1	0
321	1	0	34.83	1.25	0	1	0	0	1	0	0	0	0	0	1	0	0	0	0	0	0	0	0	0	0	0	0	0	0	0	0	1	0	0.5	1	0	1	0	0	1	0	0	0	1	160	0.0	1	0
322	1	0	33.25	3.0	0	1	0	0	1	0	0	0	1	0	0	0	0	0	0	0	0	0	0	0	0	0	0	0	0	0	0	0	1	2.0	1	0	1	0	0	0	1	0	0	1	180	0.0	1	0
323	0	1	28.0	3.0	0	0	1	0	0	1	0	0	0	0	0	0	0	0	0	0	0	0	0	1	0	0	0	0	0	0	0	0	1	0.75	1	0	1	0	0	1	0	0	0	1	300	67.0	1	0
324	1	0	39.08	4.0	0	0	1	0	0	1	0	0	0	0	0	0	0	1	0	0	0	0	0	0	0	0	0	0	0	0	0	0	1	3.0	1	0	1	0	0	0	1	0	0	1	480	0.0	1	0
325	0	1	42.75	4.085	0	0	1	0	0	1	0	0	1	0	0	0	0	0	0	0	0	0	0	0	0	0	0	0	0	0	0	0	1	0.04	1	0	1	0	0	0	1	0	0	1	108	100.0	1	0
326	0	1	26.92	2.25	0	0	1	0	0	1	0	0	0	0	1	0	0	0	0	0	0	0	0	0	0	0	0	0	0	0	1	0	0	0.5	1	0	1	0	0	1	0	0	0	1	640	4000.0	1	0
327	0	1	33.75	2.75	0	0	1	0	0	1	0	0	0	0	1	0	0	0	0	0	0	0	0	0	0	0	0	0	0	0	1	0	0	0.0	1	0	1	0	0	0	1	0	0	1	180	0.0	1	0
328	0	1	38.92	1.75	0	0	1	0	0	1	0	0	0	0	0	0	0	0	1	0	0	0	0	0	0	0	0	0	0	0	0	0	1	0.5	1	0	1	0	0	1	0	0	0	1	300	2.0	1	0
329	0	1	62.75	7.0	0	0	1	0	0	1	0	0	0	1	0	0	0	0	0	0	0	0	0	0	0	0	0	1	0	0	0	0	0	0.0	1	0	1	0	0	0	1	0	0	1	0	12.0	1	0
330	0	1	26.75	4.5	0	1	0	0	1	0	0	0	0	0	0	0	0	1	0	0	0	0	0	0	0	0	0	0	0	0	1	0	0	2.5	1	0	1	0	0	0	1	0	0	1	200	1210.0	1	0
331	0	1	63.33	0.54	0	0	1	0	0	1	0	0	0	0	0	0	0	1	0	0	0	0	0	0	0	0	0	0	0	0	0	0	1	0.585	0	1	0	1	3	1	0	0	0	1	180	0.0	1	0
332	0	1	27.83	1.5	0	0	1	0	0	1	0	0	0	0	0	0	0	0	0	0	0	0	0	1	0	0	0	0	0	0	0	0	1	2.25	1	0	0	1	1	1	0	0	0	1	100	3.0	1	0
333	1	0	26.17	2.0	0	0	1	0	0	1	1	0	0	0	0	0	0	0	0	0	0	0	0	0	0	0	0	0	1	0	0	0	0	0.0	1	0	1	0	0	1	0	0	0	1	276	1.0	1	0
334	0	1	22.17	0.585	0	1	0	0	1	0	0	1	0	0	0	0	0	0	0	0	0	0	0	0	0	0	0	0	0	1	0	0	0	0.0	1	0	1	0	0	0	1	0	0	1	100	0.0	1	0
335	0	1	22.5	11.5	0	1	0	0	1	0	0	0	0	0	0	0	0	0	0	0	0	1	0	0	0	0	0	0	0	0	0	0	1	1.5	1	0	1	0	0	1	0	0	0	1	0	4000.0	1	0
336	0	1	30.75	1.585	0	0	1	0	0	1	0	0	0	0	0	0	1	0	0	0	0	0	0	0	0	0	0	0	0	0	0	0	1	0.585	1	0	1	0	0	1	0	0	1	0	0	0.0	1	0
337	0	1	36.67	2.0	0	0	1	0	0	1	0	0	0	0	1	0	0	0	0	0	0	0	0	0	0	0	0	0	0	0	0	0	1	0.25	1	0	1	0	0	1	0	0	0	1	221	0.0	1	0
338	1	0	16.0	0.165	0	0	1	0	0	1	0	0	1	0	0	0	0	0	0	0	0	0	0	0	0	0	0	0	0	0	0	0	1	1.0	1	0	0	1	2	1	0	0	0	1	320	1.0	1	0
339	0	1	41.17	1.335	0	0	1	0	0	1	0	0	0	0	0	0	1	0	0	0	0	0	0	0	0	0	0	0	0	0	0	0	1	0.165	1	0	1	0	0	0	1	0	0	1	168	0.0	1	0
340	1	0	19.5	0.165	0	0	1	0	0	1	0	0	0	0	0	0	0	0	0	0	0	0	1	0	0	0	0	0	0	0	0	0	1	0.04	1	0	1	0	0	1	0	0	0	1	380	0.0	1	0
341	0	1	32.42	3.0	0	0	1	0	0	1	0	0	0	0	0	0	1	0	0	0	0	0	0	0	0	0	0	0	0	0	0	0	1	0.165	1	0	1	0	0	1	0	0	0	1	120	0.0	1	0
342	1	0	36.75	4.71	0	0	1	0	0	1	0	1	0	0	0	0	0	0	0	0	0	0	0	0	0	0	0	0	0	1	0	0	0	0.0	1	0	1	0	0	0	1	0	0	1	160	0.0	1	0
343	1	0	30.25	5.5	0	0	1	0	0	1	0	0	0	0	0	0	0	0	1	0	0	0	0	0	0	0	0	0	0	0	0	0	1	5.5	1	0	1	0	0	1	0	0	1	0	100	0.0	1	0
344	0	1	23.08	2.5	0	0	1	0	0	1	0	1	0	0	0	0	0	0	0	0	0	0	0	0	0	0	0	0	0	1	0	0	0	0.085	1	0	1	0	0	1	0	0	0	1	100	4208.0	1	0
345	0	1	26.83	0.54	0	0	1	0	0	1	0	0	0	0	0	0	0	0	1	0	0	0	0	0	0	0	0	0	0	1	0	0	0	0.0	1	0	1	0	0	0	1	0	0	1	100	0.0	1	0
346	0	1	16.92	0.335	0	1	0	0	1	0	0	0	0	0	0	0	0	0	1	0	0	0	0	0	0	0	0	0	0	0	0	0	1	0.29	1	0	1	0	0	0	1	0	1	0	200	0.0	1	0
347	0	1	24.42	2.0	0	0	1	0	0	1	0	0	0	1	0	0	0	0	0	0	0	0	0	0	0	1	0	0	0	0	0	0	0	0.165	1	0	0	1	2	0	1	0	0	1	320	1300.0	1	0
348	0	1	42.83	1.25	0	0	1	0	0	1	0	0	0	0	0	0	0	0	0	0	0	1	0	0	0	0	0	0	0	0	0	0	1	13.875	1	0	0	1	1	1	0	0	0	1	352	112.0	1	0
349	1	0	22.75	6.165	0	0	1	0	0	1	0	0	1	0	0	0	0	0	0	0	0	0	0	0	0	0	0	0	0	0	0	0	1	0.165	1	0	1	0	0	0	1	0	0	1	220	1000.0	1	0
350	0	1	39.42	1.71	0	1	0	0	1	0	0	0	0	0	0	0	0	0	0	0	0	1	0	0	0	0	0	0	0	0	0	0	1	0.165	1	0	1	0	0	0	1	0	1	0	400	0.0	1	0
351	1	0	23.58	11.5	0	1	0	0	1	0	0	0	0	0	0	0	0	0	1	0	0	0	0	0	0	0	0	0	0	0	0	1	0	3.0	1	0	1	0	0	1	0	0	0	1	20	16.0	1	0
352	0	1	21.42	0.75	0	1	0	0	1	0	0	0	0	0	0	0	0	0	0	0	1	0	0	0	1	0	0	0	0	0	0	0	0	0.75	1	0	1	0	0	1	0	0	0	1	132	2.0	1	0
353	0	1	33.0	2.5	0	1	0	0	1	0	0	0	0	0	0	0	0	0	0	0	0	0	0	1	0	0	0	0	0	0	0	0	1	7.0	1	0	1	0	0	1	0	0	0	1	280	0.0	1	0
354	0	1	26.33	13.0	0	0	1	0	0	1	0	0	0	1	0	0	0	0	0	0	0	0	0	0	0	1	0	0	0	0	0	0	0	0.0	1	0	1	0	0	1	0	0	0	1	140	1110.0	1	0
355	1	0	45.0	4.585	0	0	1	0	0	1	0	0	0	0	0	0	0	0	1	0	0	0	0	0	0	0	0	0	0	0	0	1	0	1.0	1	0	1	0	0	1	0	0	1	0	240	0.0	1	0
356	0	1	26.25	1.54	0	0	1	0	0	1	0	0	0	0	0	0	0	0	0	0	0	0	0	1	0	0	0	0	0	0	0	0	1	0.125	1	0	1	0	0	0	1	0	0	1	100	0.0	1	0
357	1	0	20.83	0.5	0	1	0	0	1	0	0	0	0	1	0	0	0	0	0	0	0	0	0	0	0	1	0	0	0	0	0	0	0	1.0	1	0	1	0	0	0	1	0	0	1	260	0.0	1	0
358	0	1	28.67	14.5	0	0	1	0	0	1	0	0	0	0	0	0	1	0	0	0	0	0	0	0	0	0	0	0	0	0	0	0	1	0.125	1	0	1	0	0	0	1	0	0	1	0	286.0	1	0
359	0	1	20.67	0.835	0	1	0	0	1	0	0	0	0	0	0	0	0	1	0	0	0	0	0	0	0	0	0	0	0	0	0	0	1	2.0	1	0	1	0	0	1	0	0	1	0	240	0.0	1	0
360	0	1	34.42	1.335	0	0	1	0	0	1	0	0	0	0	1	0	0	0	0	0	0	0	0	0	0	0	0	0	0	0	1	0	0	0.125	1	0	1	0	0	1	0	0	0	1	440	4500.0	1	0
361	0	1	33.58	0.25	0	0	1	0	0	1	0	0	0	0	1	0	0	0	0	0	0	0	0	0	0	0	0	0	0	0	1	0	0	4.0	1	0	1	0	0	1	0	0	1	0	420	0.0	1	0
362	0	1	43.17	5.0	0	0	1	0	0	1	0	0	0	0	1	0	0	0	0	0	0	0	0	0	0	0	0	0	0	0	1	0	0	2.25	1	0	1	0	0	1	0	0	0	1	141	0.0	1	0
363	1	0	22.67	7.0	0	0	1	0	0	1	0	0	0	0	0	0	0	1	0	0	0	0	0	0	0	0	0	0	0	0	0	0	1	0.165	1	0	1	0	0	0	1	0	0	1	160	0.0	1	0
364	1	0	24.33	2.5	0	1	0	0	1	0	0	0	0	0	1	0	0	0	0	0	0	0	0	0	0	0	0	0	0	0	1	0	0	4.5	1	0	1	0	0	0	1	0	0	1	200	456.0	1	0
365	1	0	56.83	4.25	0	1	0	0	1	0	0	1	0	0	0	0	0	0	0	0	0	0	0	0	0	0	0	0	0	1	0	0	0	5.0	1	0	1	0	0	1	0	0	0	1	0	4.0	1	0
366	0	1	22.08	11.46	0	0	1	0	0	1	0	0	0	0	0	0	0	0	1	0	0	0	0	0	0	0	0	0	0	0	0	0	1	1.585	1	0	1	0	0	1	0	0	0	1	100	1212.0	1	0
367	0	1	34.0	5.5	0	1	0	0	1	0	0	0	0	0	0	0	0	1	0	0	0	0	0	0	0	0	0	0	0	0	0	0	1	1.5	1	0	1	0	0	1	0	0	0	1	60	0.0	1	0
368	0	1	22.58	1.5	0	1	0	0	1	0	0	0	1	0	0	0	0	0	0	0	0	0	0	0	0	0	0	0	0	0	0	0	1	0.54	1	0	1	0	0	1	0	0	0	1	120	67.0	1	0
369	0	1	21.17	0.0	0	0	1	0	0	1	0	0	0	0	0	0	0	1	0	0	0	0	0	0	0	0	0	0	0	0	0	0	1	0.5	1	0	1	0	0	1	0	0	1	0	0	0.0	1	0
370	0	1	26.67	14.585	0	0	1	0	0	1	0	0	0	0	1	0	0	0	0	0	0	0	0	0	0	0	0	0	0	0	1	0	0	0.0	1	0	1	0	0	1	0	0	0	1	178	0.0	1	0
371	0	1	22.92	0.17	0	0	1	0	0	1	0	0	0	0	0	0	0	0	0	0	0	1	0	0	0	0	0	0	0	0	0	0	1	0.085	1	0	1	0	0	0	1	0	1	0	0	0.0	1	0
372	0	1	15.17	7.0	0	0	1	0	0	1	0	0	0	1	0	0	0	0	0	0	0	0	0	0	0	0	0	0	0	0	0	0	1	1.0	1	0	1	0	0	0	1	0	0	1	600	0.0	1	0
373	0	1	39.92	5.0	0	0	1	0	0	1	0	0	0	0	1	0	0	0	0	0	0	0	0	0	0	0	0	0	0	0	1	0	0	0.21	1	0	1	0	0	0	1	0	0	1	550	0.0	1	0
374	0	1	27.42	12.5	0	0	1	0	0	1	0	0	1	0	0	0	0	0	0	0	0	0	0	0	0	0	0	0	0	0	1	0	0	0.25	1	0	1	0	0	1	0	0	0	1	720	0.0	1	0
375	0	1	24.75	0.54	0	0	1	0	0	1	0	0	0	0	0	0	0	0	0	0	0	1	0	0	0	0	0	0	0	0	0	0	1	1.0	1	0	1	0	0	1	0	0	0	1	120	1.0	1	0
376	0	1	41.17	1.25	0	1	0	0	1	0	0	0	0	0	0	0	0	0	0	0	0	0	0	1	0	0	0	0	0	0	0	0	1	0.25	1	0	1	0	0	0	1	0	0	1	0	195.0	1	0
377	1	0	33.08	1.625	0	0	1	0	0	1	0	0	0	0	0	0	1	0	0	0	0	0	0	0	0	0	0	0	0	0	0	0	1	0.54	1	0	1	0	0	1	0	0	0	1	0	0.0	1	0
378	0	1	29.83	2.04	0	1	0	0	1	0	0	0	0	0	0	1	0	0	0	0	0	0	0	0	0	0	0	0	0	0	0	1	0	0.04	1	0	1	0	0	0	1	0	0	1	128	1.0	1	0
379	1	0	23.58	0.585	0	1	0	0	1	0	0	1	0	0	0	0	0	0	0	0	0	0	0	0	0	0	0	0	0	1	0	0	0	0.125	1	0	1	0	0	0	1	0	0	1	120	87.0	1	0
380	0	1	26.17	12.5	0	1	0	0	1	0	0	0	0	0	0	0	0	0	1	0	0	0	0	0	0	0	0	0	0	0	0	1	0	1.25	1	0	1	0	0	1	0	0	0	1	0	17.0	1	0
381	0	1	31.0	2.085	0	0	1	0	0	1	0	0	0	0	0	0	0	1	0	0	0	0	0	0	0	0	0	0	0	0	0	0	1	0.085	1	0	1	0	0	0	1	0	0	1	300	0.0	1	0
382	0	1	20.75	5.085	0	1	0	0	1	0	1	0	0	0	0	0	0	0	0	0	0	0	0	0	0	0	0	0	0	0	0	0	1	0.29	1	0	1	0	0	0	1	0	0	1	140	184.0	1	0
383	0	1	28.92	0.375	0	0	1	0	0	1	0	0	0	0	0	0	0	1	0	0	0	0	0	0	0	0	0	0	0	0	0	0	1	0.29	1	0	1	0	0	0	1	0	0	1	220	140.0	1	0
384	1	0	51.92	6.5	0	0	1	0	0	1	0	0	0	0	1	0	0	0	0	0	0	0	0	0	0	0	0	0	0	0	1	0	0	3.085	1	0	1	0	0	1	0	0	0	1	73	0.0	1	0
385	1	0	22.67	0.335	0	0	1	0	0	1	0	0	0	0	0	0	0	0	0	0	0	0	1	0	0	0	0	0	0	0	0	0	1	0.75	1	0	1	0	0	0	1	0	1	0	160	0.0	1	0
386	0	1	34.0	5.085	0	1	0	0	1	0	0	0	0	0	1	0	0	0	0	0	0	0	0	0	0	0	0	0	0	0	1	0	0	1.085	1	0	1	0	0	1	0	0	0	1	480	0.0	1	0
387	1	0	69.5	6.0	0	0	1	0	0	1	0	1	0	0	0	0	0	0	0	0	0	0	0	0	0	0	0	0	0	1	0	0	0	0.0	1	0	1	0	0	0	1	0	1	0	0	0.0	1	0
388	1	0	19.58	0.665	0	1	0	0	1	0	0	0	0	0	0	0	0	1	0	0	0	0	0	0	0	0	0	0	0	0	0	0	1	1.0	1	0	0	1	1	0	1	0	0	1	2000	2.0	1	0
389	0	1	16.0	3.125	0	0	1	0	0	1	0	0	0	0	0	0	0	0	0	0	0	0	0	1	0	0	0	0	0	0	0	0	1	0.085	1	0	0	1	1	0	1	0	0	1	0	6.0	1	0
390	0	1	17.08	0.25	0	0	1	0	0	1	0	0	0	0	0	0	0	0	0	0	0	0	1	0	0	0	0	0	0	0	0	0	1	0.335	1	0	0	1	4	0	1	0	0	1	160	8.0	1	0
391	0	1	31.25	2.835	0	0	1	0	0	1	0	1	0	0	0	0	0	0	0	0	0	0	0	0	0	0	0	0	0	1	0	0	0	0.0	1	0	0	1	5	0	1	0	0	1	176	146.0	1	0
392	0	1	25.17	3.0	0	0	1	0	0	1	0	0	0	0	0	0	0	1	0	0	0	0	0	0	0	0	0	0	0	0	0	0	1	1.25	1	0	0	1	1	0	1	0	0	1	0	22.0	1	0
393	1	0	22.67	0.79	0	0	1	0	0	1	0	0	0	0	1	0	0	0	0	0	0	0	0	0	0	0	0	0	0	0	0	0	1	0.085	1	0	1	0	0	0	1	0	0	1	144	0.0	1	0
394	0	1	40.58	1.5	0	0	1	0	0	1	0	0	0	0	1	0	0	0	0	0	0	0	0	0	0	0	0	0	0	0	1	0	0	0.0	1	0	1	0	0	0	1	0	1	0	300	0.0	1	0
395	0	1	22.25	0.46	0	0	1	0	0	1	0	0	0	0	0	0	0	0	1	0	0	0	0	0	0	0	0	0	0	0	0	0	1	0.125	1	0	1	0	0	1	0	0	0	1	280	55.0	1	0
396	1	0	22.25	1.25	0	1	0	0	1	0	0	1	0	0	0	0	0	0	0	0	0	0	0	0	0	0	0	0	0	1	0	0	0	3.25	1	0	1	0	0	0	1	0	0	1	280	0.0	1	0
397	0	1	22.5	0.125	0	1	0	0	1	0	0	0	0	0	0	0	0	0	1	0	0	0	0	0	0	0	0	0	0	0	0	0	1	0.125	1	0	1	0	0	0	1	0	0	1	200	70.0	1	0
398	0	1	23.58	1.79	0	0	1	0	0	1	0	0	0	0	0	0	0	1	0	0	0	0	0	0	0	0	0	0	0	0	0	0	1	0.54	1	0	1	0	0	1	0	0	0	1	136	1.0	1	0
399	0	1	38.42	0.705	0	0	1	0	0	1	0	0	0	0	0	0	0	1	0	0	0	0	0	0	0	0	0	0	0	0	0	0	1	0.375	1	0	0	1	2	0	1	0	0	1	225	500.0	1	0
400	1	0	26.58	2.54	0	1	0	0	1	0	0	1	0	0	0	0	0	0	0	0	0	0	0	0	0	0	0	0	0	1	0	0	0	0.0	1	0	1	0	0	1	0	0	0	1	180	60.0	1	0
401	0	1	35.0	2.5	0	0	1	0	0	1	0	0	0	0	1	0	0	0	0	0	0	0	0	0	0	0	0	0	0	0	0	0	1	1.0	1	0	1	0	0	1	0	0	0	1	210	0.0	1	0
402	0	1	20.42	1.085	0	0	1	0	0	1	0	0	0	0	0	0	0	0	0	0	0	0	1	0	0	0	0	0	0	0	0	0	1	1.5	1	0	1	0	0	0	1	0	0	1	108	7.0	1	0
403	0	1	29.42	1.25	0	0	1	0	0	1	0	0	0	0	0	0	0	0	0	0	0	0	0	1	0	0	0	0	0	0	0	0	1	1.75	1	0	1	0	0	0	1	0	0	1	200	0.0	1	0
404	0	1	26.17	0.835	0	0	1	0	0	1	0	0	0	0	0	0	0	0	0	1	0	0	0	0	0	0	0	0	0	0	0	0	1	1.165	1	0	1	0	0	0	1	0	0	1	100	0.0	1	0
405	0	1	33.67	2.165	0	0	1	0	0	1	0	0	0	0	0	0	0	1	0	0	0	0	0	0	0	0	0	0	0	0	0	0	1	1.5	1	0	1	0	0	0	1	1	0	0	120	0.0	1	0
406	0	1	24.58	1.25	0	0	1	0	0	1	0	0	0	0	0	0	0	1	0	0	0	0	0	0	0	0	0	0	0	0	0	0	1	0.25	1	0	1	0	0	0	1	0	0	1	110	0.0	1	0
407	1	0	27.67	2.04	0	0	1	0	0	1	0	0	0	0	0	0	0	0	0	0	0	0	0	1	0	0	0	0	0	0	0	0	1	0.25	1	0	1	0	0	1	0	0	0	1	180	50.0	1	0
408	0	1	37.5	0.835	0	0	1	0	0	1	0	0	0	1	0	0	0	0	0	0	0	0	0	0	0	0	0	0	0	0	0	0	1	0.04	1	0	1	0	0	0	1	0	0	1	120	5.0	1	0
409	0	1	49.17	2.29	0	0	1	0	0	1	0	1	0	0	0	0	0	0	0	0	0	0	0	0	0	0	0	0	0	1	0	0	0	0.29	1	0	1	0	0	0	1	0	0	1	200	3.0	1	0
410	0	1	33.58	0.335	0	1	0	0	1	0	0	0	0	0	0	0	0	0	0	1	0	0	0	0	0	0	0	0	0	0	0	0	1	0.085	1	0	1	0	0	0	1	0	0	1	180	0.0	1	0
411	0	1	51.83	3.0	0	1	0	0	1	0	0	1	0	0	0	0	0	0	0	0	0	0	0	0	0	0	0	0	0	1	0	0	0	1.5	1	0	1	0	0	0	1	0	0	1	180	4.0	1	0
412	0	1	22.92	3.165	0	1	0	0	1	0	0	0	0	0	0	0	0	1	0	0	0	0	0	0	0	0	0	0	0	0	0	0	1	0.165	1	0	1	0	0	0	1	0	0	1	160	1058.0	1	0
413	0	1	21.83	1.54	0	0	1	0	0	1	0	0	0	0	0	0	0	0	1	0	0	0	0	0	0	0	0	0	0	0	0	0	1	0.085	1	0	1	0	0	1	0	0	0	1	356	0.0	1	0
414	0	1	25.25	1.0	0	0	1	0	0	1	0	0	1	0	0	0	0	0	0	0	0	0	0	0	0	0	0	0	0	0	0	0	1	0.5	1	0	1	0	0	0	1	0	0	1	200	0.0	1	0
415	0	1	58.58	2.71	0	0	1	0	0	1	0	0	0	0	0	0	0	1	0	0	0	0	0	0	0	0	0	0	0	0	0	0	1	2.415	1	0	1	0	0	1	0	0	0	1	320	0.0	1	0
416	0	1	19.0	0.0	0	1	0	0	1	0	0	1	0	0	0	0	0	0	0	0	0	0	0	0	0	0	0	0	0	1	0	0	0	0.0	1	0	0	1	4	0	1	0	0	1	45	1.0	1	0
417	0	1	19.58	0.585	0	0	1	0	0	1	0	1	0	0	0	0	0	0	0	0	0	0	0	0	0	0	0	0	0	1	0	0	0	0.0	1	0	0	1	3	0	1	0	0	1	350	769.0	1	0
418	1	0	53.33	0.165	0	0	1	0	0	1	0	1	0	0	0	0	0	0	0	0	0	0	0	0	0	0	0	0	0	1	0	0	0	0.0	1	0	1	0	0	1	0	0	1	0	62	27.0	1	0
419	1	0	27.17	1.25	0	0	1	0	0	1	0	1	0	0	0	0	0	0	0	0	0	0	0	0	0	0	0	0	0	1	0	0	0	0.0	1	0	0	1	1	0	1	0	0	1	92	300.0	1	0
420	0	1	25.92	0.875	0	0	1	0	0	1	0	0	0	0	0	0	0	0	1	0	0	0	0	0	0	0	0	0	0	0	0	0	1	0.375	1	0	0	1	2	1	0	0	0	1	174	3.0	1	0
421	0	1	23.08	0.0	0	0	1	0	0	1	0	0	0	0	0	0	0	0	1	0	0	0	0	0	0	0	0	0	0	0	0	0	1	1.0	1	0	0	1	11	0	1	0	1	0	0	0.0	1	0
422	0	1	39.58	5.0	0	0	1	0	0	1	0	1	0	0	0	0	0	0	0	0	0	0	0	0	0	0	0	0	0	1	0	0	0	0.0	1	0	0	1	2	0	1	0	0	1	17	1.0	1	0
423	0	1	30.58	2.71	0	1	0	0	1	0	0	0	0	0	0	0	0	0	0	0	0	1	0	0	0	0	0	0	0	0	0	0	1	0.125	1	0	1	0	0	1	0	0	1	0	80	0.0	1	0
424	0	1	17.25	3.0	0	0	1	0	0	1	0	0	0	0	0	0	0	0	1	0	0	0	0	0	0	0	0	0	0	0	0	0	1	0.04	1	0	1	0	0	1	0	0	0	1	160	40.0	1	0
425	1	0	17.67	0.0	0	1	0	0	1	0	1	0	0	0	0	0	0	0	0	0	0	0	0	0	0	0	0	0	0	1	0	0	0	0.0	1	0	1	0	0	0	1	0	0	1	86	0.0	1	0
426	0	1	16.5	0.125	0	0	1	0	0	1	0	0	0	0	0	0	0	1	0	0	0	0	0	0	0	0	0	0	0	0	0	0	1	0.165	1	0	1	0	0	0	1	0	0	1	132	0.0	1	0
427	1	0	27.33	1.665	0	0	1	0	0	1	0	1	0	0	0	0	0	0	0	0	0	0	0	0	0	0	0	0	0	1	0	0	0	0.0	1	0	1	0	0	0	1	0	0	1	340	1.0	1	0
428	0	1	31.25	1.125	0	0	1	0	0	1	0	1	0	0	0	0	0	0	0	0	0	0	0	0	0	0	0	0	0	1	0	0	0	0.0	1	0	0	1	1	0	1	0	0	1	96	19.0	1	0
429	0	1	20.0	7.0	0	0	1	0	0	1	0	0	0	0	0	0	0	1	0	0	0	0	0	0	0	0	0	0	0	0	0	0	1	0.5	1	0	1	0	0	0	1	0	0	1	0	0.0	1	0
430	0	1	39.5	1.625	0	0	1	0	0	1	0	0	0	0	0	0	0	1	0	0	0	0	0	0	0	0	0	0	0	0	0	0	1	1.5	1	0	1	0	0	0	1	0	0	1	0	316.0	1	0
431	0	1	36.5	4.25	0	0	1	0	0	1	0	0	0	0	0	0	0	0	0	0	0	0	1	0	0	0	0	0	0	0	0	0	1	3.5	1	0	1	0	0	0	1	0	0	1	454	50.0	1	0
432	0	1	52.42	1.5	0	0	1	0	0	1	0	0	0	0	0	0	1	0	0	0	0	0	0	0	0	0	0	0	0	0	0	0	1	3.75	1	0	1	0	0	1	0	0	0	1	0	350.0	1	0
433	0	1	36.17	18.125	0	0	1	0	0	1	0	0	0	0	0	0	0	0	0	0	0	0	0	1	0	0	0	0	0	0	0	0	1	0.085	1	0	1	0	0	0	1	0	0	1	320	3552.0	1	0
434	0	1	29.67	0.75	0	1	0	0	1	0	0	0	0	0	0	0	0	1	0	0	0	0	0	0	0	0	0	0	0	0	0	0	1	0.04	1	0	1	0	0	0	1	0	0	1	240	0.0	1	0
435	0	1	36.17	5.5	0	0	1	0	0	1	0	0	0	0	1	0	0	0	0	0	0	0	0	0	0	0	0	0	0	0	1	0	0	5.0	1	0	1	0	0	0	1	0	0	1	210	687.0	1	0
436	0	1	25.67	0.29	0	1	0	0	1	0	0	0	0	0	0	0	0	1	0	0	0	0	0	0	0	0	0	0	0	0	0	0	1	1.5	1	0	1	0	0	1	0	0	0	1	160	0.0	1	0
437	1	0	24.5	2.415	0	1	0	0	1	0	0	0	0	0	0	0	0	1	0	0	0	0	0	0	0	0	0	0	0	0	0	0	1	0.0	1	0	1	0	0	0	1	0	0	1	120	0.0	1	0
438	0	1	24.08	0.875	0	0	1	0	0	1	0	0	0	0	0	0	0	0	0	0	0	1	0	0	0	0	0	0	0	0	0	0	1	0.085	1	0	0	1	4	0	1	0	0	1	254	1950.0	1	0
439	0	1	21.92	0.5	0	0	1	0	0	1	0	0	0	0	0	0	0	1	0	0	0	0	0	0	0	0	0	0	0	0	0	0	1	0.125	1	0	1	0	0	0	1	0	0	1	360	0.0	1	0
440	1	0	36.58	0.29	0	0	1	0	0	1	0	1	0	0	0	0	0	0	0	0	0	0	0	0	0	0	0	0	0	1	0	0	0	0.0	1	0	0	1	10	0	1	0	0	1	200	18.0	1	0
441	1	0	23.0	1.835	0	0	1	0	0	1	1	0	0	0	0	0	0	0	0	0	0	0	0	0	0	0	0	0	1	0	0	0	0	0.0	1	0	0	1	1	0	1	0	0	1	200	53.0	1	0
442	1	0	27.58	3.0	0	0	1	0	0	1	0	0	0	0	0	0	0	0	0	0	0	1	0	0	0	0	0	0	0	0	0	0	1	2.79	1	0	0	1	1	1	0	0	0	1	280	10.0	1	0
443	0	1	31.08	3.085	0	0	1	0	0	1	0	0	0	0	0	0	0	1	0	0	0	0	0	0	0	0	0	0	0	0	0	0	1	2.5	1	0	0	1	2	1	0	0	0	1	160	41.0	1	0
444	1	0	30.42	1.375	0	0	1	0	0	1	0	0	0	0	0	0	0	0	0	0	0	0	0	1	0	0	0	0	0	0	0	1	0	0.04	1	0	0	1	3	0	1	0	0	1	0	33.0	1	0
445	0	1	22.08	2.335	0	0	1	0	0	1	0	0	0	0	0	0	0	0	1	0	0	0	0	0	0	0	0	0	0	0	0	0	1	0.75	1	0	1	0	0	0	1	0	0	1	180	0.0	1	0
446	0	1	16.33	4.085	0	0	1	0	0	1	0	0	0	0	1	0	0	0	0	0	0	0	0	0	0	0	0	0	0	0	0	1	0	0.415	1	0	1	0	0	1	0	0	0	1	120	0.0	1	0
447	1	0	21.92	11.665	0	0	1	0	0	1	0	0	0	0	0	0	0	0	1	0	0	0	0	0	0	0	0	0	0	0	0	1	0	0.085	1	0	1	0	0	0	1	0	0	1	320	5.0	1	0
448	0	1	21.08	4.125	0	1	0	0	1	0	0	0	0	0	1	0	0	0	0	0	0	0	0	0	0	0	0	0	0	0	0	1	0	0.04	1	0	1	0	0	0	1	0	0	1	140	100.0	1	0
449	0	1	17.42	6.5	0	0	1	0	0	1	0	0	0	0	1	0	0	0	0	0	0	0	0	0	0	0	0	0	0	0	0	0	1	0.125	1	0	1	0	0	0	1	0	0	1	60	100.0	1	0
450	0	1	19.17	4.0	0	1	0	0	1	0	0	0	0	0	1	0	0	0	0	0	0	0	0	0	0	0	0	0	0	0	0	0	1	1.0	1	0	1	0	0	1	0	0	0	1	360	1000.0	1	0
451	0	1	20.67	0.415	0	0	1	0	0	1	0	0	0	0	0	0	0	1	0	0	0	0	0	0	0	0	0	0	0	0	0	0	1	0.125	1	0	1	0	0	0	1	0	0	1	0	44.0	1	0
452	0	1	26.75	2.0	0	0	1	0	0	1	0	0	0	0	0	0	1	0	0	0	0	0	0	0	0	0	0	0	0	0	0	0	1	0.75	1	0	1	0	0	1	0	0	0	1	80	0.0	1	0
453	0	1	23.58	0.835	0	0	1	0	0	1	0	0	0	0	1	0	0	0	0	0	0	0	0	0	0	0	0	0	0	0	0	1	0	0.085	1	0	1	0	0	1	0	0	0	1	220	5.0	1	0
454	0	1	39.17	2.5	0	1	0	0	1	0	0	0	0	0	1	0	0	0	0	0	0	0	0	0	0	0	0	0	0	0	0	1	0	10.0	1	0	1	0	0	1	0	0	1	0	200	0.0	1	0
455	0	1	22.75	11.5	0	0	1	0	0	1	0	0	0	0	1	0	0	0	0	0	0	0	0	0	0	0	0	0	0	0	0	0	1	0.415	1	0	1	0	0	0	1	0	0	1	0	0.0	1	0
456	1	0	16.92	0.5	0	0	1	0	0	1	0	0	0	0	1	0	0	0	0	0	0	0	0	0	0	0	0	0	0	0	0	0	1	0.165	1	0	0	1	6	1	0	0	0	1	240	35.0	1	0
457	0	1	23.5	3.165	0	1	0	0	1	0	0	0	0	0	0	0	0	0	1	0	0	0	0	0	0	0	0	0	0	0	0	0	1	0.415	1	0	0	1	1	1	0	0	0	1	280	80.0	1	0
458	1	0	17.33	9.5	0	0	1	0	0	1	0	0	1	0	0	0	0	0	0	0	0	0	0	0	0	0	0	0	0	0	0	0	1	1.75	1	0	0	1	10	1	0	0	0	1	0	10.0	1	0
459	0	1	23.75	0.415	0	1	0	0	1	0	0	0	0	0	0	0	0	1	0	0	0	0	0	0	0	0	0	0	0	0	0	0	1	0.04	1	0	0	1	2	0	1	0	0	1	128	6.0	1	0
460	0	1	34.67	1.08	0	0	1	0	0	1	0	0	0	0	0	0	0	0	0	0	0	1	0	0	0	0	0	0	0	0	0	0	1	1.165	1	0	1	0	0	0	1	0	1	0	28	0.0	1	0
461	0	1	74.83	19.0	0	1	0	0	1	0	0	1	0	0	0	0	0	0	0	0	0	0	0	0	0	0	0	0	0	1	0	0	0	0.04	1	0	0	1	2	0	1	0	0	1	0	351.0	1	0
462	0	1	28.17	0.125	0	1	0	0	1	0	0	0	0	0	0	0	0	0	1	0	0	0	0	0	0	0	0	0	0	0	0	0	1	0.085	1	0	1	0	0	0	1	0	0	1	216	2100.0	1	0
463	0	1	24.5	13.335	0	1	0	0	1	0	0	0	1	0	0	0	0	0	0	0	0	0	0	0	0	0	0	0	0	0	0	0	1	0.04	1	0	1	0	0	1	0	0	0	1	120	475.0	1	0
464	0	1	18.83	3.54	0	1	0	0	1	0	0	1	0	0	0	0	0	0	0	0	0	0	0	0	0	0	0	0	0	1	0	0	0	0.0	1	0	1	0	0	1	0	0	0	1	180	1.0	1	0
465	1	0	47.25	0.75	0	0	1	0	0	1	0	0	0	0	0	0	0	0	0	0	0	0	1	0	0	0	0	0	0	0	0	1	0	2.75	0	1	0	1	1	0	1	0	0	1	333	892.0	0	1
466	0	1	24.17	0.875	0	0	1	0	0	1	0	0	0	0	0	0	0	0	0	0	0	0	1	0	0	0	0	0	0	0	0	0	1	4.625	0	1	0	1	2	1	0	0	0	1	520	2000.0	0	1
467	0	1	39.25	9.5	0	0	1	0	0	1	0	0	0	0	0	0	0	0	0	0	0	1	0	0	0	0	0	0	0	0	0	0	1	6.5	0	1	0	1	14	0	1	0	0	1	240	4607.0	0	1
468	1	0	20.5	11.835	0	0	1	0	0	1	0	0	0	0	0	0	0	1	0	0	0	0	0	0	0	0	0	0	0	0	0	1	0	6.0	0	1	1	0	0	0	1	0	0	1	340	0.0	0	1
469	1	0	18.83	4.415	0	1	0	0	1	0	0	0	0	0	0	0	0	1	0	0	0	0	0	0	0	0	0	0	0	0	0	1	0	3.0	0	1	1	0	0	0	1	0	0	1	240	0.0	0	1
470	0	1	19.17	9.5	0	0	1	0	0	1	0	0	0	0	0	0	0	0	0	0	0	0	0	1	0	0	0	0	0	0	0	0	1	1.5	0	1	1	0	0	0	1	0	0	1	120	2206.0	0	1
471	1	0	25.0	0.875	0	0	1	0	0	1	0	0	0	0	0	1	0	0	0	0	0	0	0	0	0	0	0	0	0	0	0	1	0	1.04	0	1	1	0	0	1	0	0	0	1	160	5860.0	0	1
472	0	1	20.17	9.25	0	0	1	0	0	1	0	0	0	0	0	0	0	1	0	0	0	0	0	0	0	0	0	0	0	0	0	0	1	1.665	0	1	0	1	3	1	0	0	0	1	40	28.0	0	1
473	0	1	25.75	0.5	0	0	1	0	0	1	0	0	0	0	0	0	0	1	0	0	0	0	0	0	0	0	0	0	0	0	0	0	1	1.46	0	1	0	1	5	1	0	0	0	1	312	0.0	0	1
474	0	1	20.42	7.0	0	0	1	0	0	1	0	0	0	0	0	0	0	1	0	0	0	0	0	0	0	0	0	0	0	0	0	0	1	1.625	0	1	0	1	3	0	1	0	0	1	200	1391.0	0	1
475	0	1	39.0	5.0	0	0	1	0	0	1	0	0	0	0	0	0	0	0	0	1	0	0	0	0	0	0	0	0	0	0	0	0	1	3.5	0	1	0	1	10	1	0	0	0	1	0	0.0	0	1
476	1	0	64.08	0.165	0	0	1	0	0	1	0	1	0	0	0	0	0	0	0	0	0	0	0	0	0	0	0	0	0	1	0	0	0	0.0	0	1	0	1	1	0	1	0	0	1	232	100.0	0	1
477	0	1	28.25	5.125	0	0	1	0	0	1	0	0	0	0	0	1	0	0	0	0	0	0	0	0	0	0	0	0	0	0	0	0	1	4.75	0	1	0	1	2	0	1	0	0	1	420	7.0	0	1
478	1	0	28.75	3.75	0	0	1	0	0	1	0	0	0	0	0	0	0	1	0	0	0	0	0	0	0	0	0	0	0	0	0	0	1	1.085	0	1	0	1	1	1	0	0	0	1	371	0.0	0	1
479	0	1	31.33	19.5	0	0	1	0	0	1	0	0	0	0	0	0	0	1	0	0	0	0	0	0	0	0	0	0	0	0	0	0	1	7.0	0	1	0	1	16	0	1	0	0	1	0	5000.0	0	1
480	1	0	18.92	9.0	0	0	1	0	0	1	0	0	1	0	0	0	0	0	0	0	0	0	0	0	0	0	0	0	0	0	0	0	1	0.75	0	1	0	1	2	0	1	0	0	1	88	591.0	0	1
481	1	0	24.75	3.0	0	0	1	0	0	1	0	0	0	0	0	0	0	0	0	0	0	0	1	0	0	0	0	0	0	0	0	1	0	1.835	0	1	0	1	19	0	1	0	0	1	0	500.0	0	1
482	1	0	30.67	12.0	0	0	1	0	0	1	0	0	0	0	0	0	0	1	0	0	0	0	0	0	0	0	0	0	0	0	0	0	1	2.0	0	1	0	1	1	0	1	0	0	1	220	19.0	0	1
483	0	1	21.0	4.79	0	1	0	0	1	0	0	0	0	0	0	0	0	0	0	0	0	0	0	1	0	0	0	0	0	0	0	0	1	2.25	0	1	0	1	1	1	0	0	0	1	80	300.0	0	1
484	0	1	13.75	4.0	0	1	0	0	1	0	0	0	0	0	0	0	0	0	0	0	0	0	0	1	0	0	0	0	0	0	0	0	1	1.75	0	1	0	1	2	1	0	0	0	1	120	1000.0	0	1
485	1	0	46.0	4.0	0	0	1	0	0	1	1	0	0	0	0	0	0	0	0	0	0	0	0	0	0	0	0	0	1	0	0	0	0	0.0	0	1	1	0	0	0	1	0	0	1	100	960.0	0	1
486	1	0	44.33	0.0	0	0	1	0	0	1	0	0	0	0	0	0	0	1	0	0	0	0	0	0	0	0	0	0	0	0	0	0	1	2.5	0	1	1	0	0	0	1	0	0	1	0	0.0	0	1
487	0	1	20.25	9.96	0	0	1	0	0	1	0	0	0	1	0	0	0	0	0	0	0	0	0	0	0	1	0	0	0	0	0	0	0	0.0	0	1	1	0	0	0	1	0	0	1	0	0.0	0	1
488	0	1	22.67	2.54	0	1	0	0	1	0	0	0	0	0	0	0	0	1	0	0	0	0	0	0	0	0	0	0	0	0	0	1	0	2.585	0	1	1	0	0	0	1	0	0	1	0	0.0	0	1
489	1	0	60.92	5.0	0	0	1	0	0	1	0	0	1	0	0	0	0	0	0	0	0	0	0	0	0	0	0	0	0	0	0	0	1	4.0	0	1	0	1	4	0	1	0	0	1	0	99.0	0	1
490	0	1	16.08	0.75	0	0	1	0	0	1	0	0	0	0	0	0	0	1	0	0	0	0	0	0	0	0	0	0	0	0	0	0	1	1.75	0	1	0	1	5	1	0	0	0	1	352	690.0	0	1
491	1	0	28.17	0.375	0	0	1	0	0	1	0	0	0	0	0	0	0	0	0	0	0	0	1	0	0	0	0	0	0	0	0	0	1	0.585	0	1	0	1	4	0	1	0	0	1	80	0.0	0	1
492	0	1	39.17	1.71	0	0	1	0	0	1	0	0	0	0	0	1	0	0	0	0	0	0	0	0	0	0	0	0	0	0	0	0	1	0.125	0	1	0	1	5	1	0	0	0	1	480	0.0	0	1
493	1	0	30.0	5.29	0	0	1	0	0	1	0	0	0	1	0	0	0	0	0	0	0	0	0	0	0	1	0	0	0	0	0	0	0	2.25	0	1	0	1	5	1	0	0	0	1	99	500.0	0	1
494	0	1	22.83	3.0	0	0	1	0	0	1	0	0	0	0	0	0	0	0	0	0	0	1	0	0	0	0	0	0	0	0	0	0	1	1.29	0	1	0	1	1	0	1	0	0	1	260	800.0	0	1
495	1	0	22.5	8.5	0	0	1	0	0	1	0	0	0	0	0	0	0	0	0	0	0	0	1	0	0	0	0	0	0	0	0	0	1	1.75	0	1	0	1	10	0	1	0	0	1	80	990.0	1	0
496	1	0	28.58	1.665	0	0	1	0	0	1	0	0	0	0	0	0	0	0	0	0	0	0	1	0	0	0	0	0	0	0	0	0	1	2.415	0	1	1	0	0	1	0	0	0	1	440	0.0	1	0
497	0	1	45.17	1.5	0	0	1	0	0	1	0	0	0	0	0	0	0	1	0	0	0	0	0	0	0	0	0	0	0	0	0	0	1	2.5	0	1	1	0	0	1	0	0	0	1	140	0.0	1	0
498	0	1	41.58	1.75	0	0	1	0	0	1	0	0	0	0	0	0	0	0	1	0	0	0	0	0	0	0	0	0	0	0	0	0	1	0.21	0	1	1	0	0	0	1	0	0	1	160	0.0	1	0
499	1	0	57.08	0.335	0	0	1	0	0	1	0	0	0	0	1	0	0	0	0	0	0	0	0	0	0	0	0	0	0	0	1	0	0	1.0	0	1	1	0	0	1	0	0	0	1	252	2197.0	1	0
500	1	0	55.75	7.08	0	0	1	0	0	1	0	0	0	0	0	0	0	0	1	0	0	0	0	0	0	0	0	0	0	0	0	1	0	6.75	0	1	0	1	3	1	0	0	0	1	100	50.0	1	0
501	0	1	43.25	25.21	0	0	1	0	0	1	0	0	0	0	0	0	0	0	0	0	0	0	1	0	0	0	0	0	0	0	0	1	0	0.21	0	1	0	1	1	0	1	0	0	1	760	90.0	1	0
502	1	0	25.33	2.085	0	0	1	0	0	1	0	0	0	0	0	0	0	1	0	0	0	0	0	0	0	0	0	0	0	0	0	1	0	2.75	0	1	1	0	0	1	0	0	0	1	360	1.0	1	0
503	1	0	24.58	0.67	0	0	1	0	0	1	0	0	1	0	0	0	0	0	0	0	0	0	0	0	0	0	0	0	0	0	0	1	0	1.75	0	1	1	0	0	0	1	0	0	1	400	0.0	1	0
504	0	1	43.17	2.25	0	0	1	0	0	1	0	0	0	0	1	0	0	0	0	0	0	0	0	0	0	0	0	0	0	0	1	0	0	0.75	0	1	1	0	0	0	1	0	0	1	560	0.0	1	0
505	0	1	40.92	0.835	0	0	1	0	0	1	0	1	0	0	0	0	0	0	0	0	0	0	0	0	0	0	0	0	0	1	0	0	0	0.0	0	1	1	0	0	0	1	0	0	1	130	1.0	1	0
506	0	1	31.83	2.5	0	0	1	0	0	1	0	0	1	0	0	0	0	0	0	0	0	0	0	0	0	0	0	0	0	0	0	0	1	7.5	0	1	1	0	0	1	0	0	0	1	523	0.0	1	0
507	1	0	33.92	1.585	0	1	0	0	1	0	0	1	0	0	0	0	0	0	0	0	0	0	0	0	0	0	0	0	0	1	0	0	0	0.0	0	1	1	0	0	0	1	0	0	1	320	0.0	1	0
508	1	0	24.92	1.25	0	0	1	0	0	1	0	1	0	0	0	0	0	0	0	0	0	0	0	0	0	0	0	0	0	1	0	0	0	0.0	0	1	1	0	0	0	1	0	0	1	80	0.0	1	0
509	0	1	35.25	3.165	0	0	1	0	0	1	0	0	0	0	0	1	0	0	0	0	0	0	0	0	0	0	0	0	0	0	0	1	0	3.75	0	1	1	0	0	1	0	0	0	1	680	0.0	1	0
510	0	1	34.25	1.75	0	0	1	0	0	1	0	0	0	0	0	0	0	0	0	0	0	0	0	1	0	0	0	0	0	0	1	0	0	0.25	0	1	1	0	0	1	0	0	0	1	163	0.0	1	0
511	0	1	19.42	1.5	0	1	0	0	1	0	0	0	0	0	0	0	0	0	0	1	0	0	0	0	0	0	0	0	0	0	0	0	1	2.0	0	1	1	0	0	1	0	0	0	1	100	20.0	1	0
512	0	1	42.75	3.0	0	0	1	0	0	1	0	0	0	0	1	0	0	0	0	0	0	0	0	0	0	0	0	0	0	0	1	0	0	1.0	0	1	1	0	0	0	1	0	0	1	0	200.0	1	0
513	0	1	19.67	10.0	0	1	0	0	1	0	0	0	0	0	0	0	0	0	1	0	0	0	0	0	0	0	0	0	0	0	0	1	0	0.835	0	1	1	0	0	1	0	0	0	1	140	0.0	1	0
514	0	1	36.33	3.79	0	0	1	0	0	1	0	0	0	0	0	0	0	0	0	0	0	0	0	1	0	0	0	0	0	0	0	0	1	1.165	0	1	1	0	0	1	0	0	0	1	200	0.0	1	0
515	0	1	30.08	1.04	0	1	0	0	1	0	0	0	0	0	1	0	0	0	0	0	0	0	0	0	0	0	0	0	0	0	1	0	0	0.5	0	1	0	1	10	1	0	0	0	1	132	28.0	1	0
516	0	1	44.25	11.0	0	1	0	0	1	0	0	0	0	0	0	0	1	0	0	0	0	0	0	0	0	0	0	0	0	0	0	0	1	1.5	0	1	1	0	0	0	1	0	1	0	0	0.0	1	0
517	0	1	23.58	0.46	0	1	0	0	1	0	0	0	0	0	0	0	0	0	0	0	0	0	0	1	0	0	0	0	0	0	0	0	1	2.625	0	1	0	1	6	1	0	0	0	1	208	347.0	1	0
518	0	1	23.92	1.5	0	0	1	0	0	1	0	0	0	0	0	0	1	0	0	0	0	0	0	0	0	0	0	0	0	0	0	1	0	1.875	0	1	0	1	6	0	1	0	0	1	200	327.0	0	1
519	0	1	33.17	1.0	0	0	1	0	0	1	0	0	0	0	0	1	0	0	0	0	0	0	0	0	0	0	0	0	0	0	0	0	1	0.75	0	1	0	1	7	1	0	0	0	1	340	4071.0	0	1
520	0	1	48.33	12.0	0	0	1	0	0	1	0	0	0	0	0	0	0	0	0	0	0	1	0	0	0	0	0	0	0	0	0	0	1	16.0	0	1	1	0	0	0	1	0	1	0	110	0.0	0	1
521	0	1	76.75	22.29	0	0	1	0	0	1	0	0	0	1	0	0	0	0	0	0	0	0	0	0	0	0	0	1	0	0	0	0	0	12.75	0	1	0	1	1	1	0	0	0	1	0	109.0	0	1
522	0	1	51.33	10.0	0	0	1	0	0	1	0	0	0	0	1	0	0	0	0	0	0	0	0	0	0	0	0	0	0	0	1	0	0	0.0	0	1	0	1	11	0	1	0	0	1	0	1249.0	0	1
523	0	1	34.75	15.0	0	0	1	0	0	1	0	0	0	0	0	0	0	0	0	0	1	0	0	0	1	0	0	0	0	0	0	0	0	5.375	0	1	0	1	9	1	0	0	0	1	0	134.0	0	1
524	0	1	38.58	3.335	0	0	1	0	0	1	0	0	0	0	0	0	0	0	0	0	0	0	0	1	0	0	0	0	0	0	0	0	1	4.0	0	1	0	1	14	0	1	0	0	1	383	1344.0	0	1
525	1	0	22.42	11.25	0	1	0	0	1	0	0	0	0	0	0	1	0	0	0	0	0	0	0	0	0	0	0	0	0	0	0	1	0	0.75	0	1	0	1	4	0	1	0	0	1	0	321.0	0	1
526	0	1	41.92	0.42	0	0	1	0	0	1	0	0	0	0	0	0	0	1	0	0	0	0	0	0	0	0	0	0	0	0	0	1	0	0.21	0	1	0	1	6	0	1	0	0	1	220	948.0	0	1
527	0	1	29.58	4.5	0	0	1	0	0	1	0	0	0	0	0	0	0	0	0	0	0	0	0	1	0	0	0	0	0	0	0	0	1	7.5	0	1	0	1	2	1	0	0	0	1	330	0.0	0	1
528	1	0	32.17	1.46	0	0	1	0	0	1	0	0	0	0	0	0	0	0	0	0	0	0	0	1	0	0	0	0	0	0	0	0	1	1.085	0	1	0	1	16	0	1	0	0	1	120	2079.0	0	1
529	0	1	51.42	0.04	0	0	1	0	0	1	0	0	0	0	0	1	0	0	0	0	0	0	0	0	0	0	0	0	0	0	0	1	0	0.04	0	1	1	0	0	0	1	0	0	1	0	3000.0	0	1
530	1	0	22.83	2.29	0	0	1	0	0	1	0	0	0	0	0	0	0	0	0	0	0	0	1	0	0	0	0	0	0	0	0	1	0	2.29	0	1	0	1	7	1	0	0	0	1	140	2384.0	0	1
531	1	0	25.0	12.33	0	0	1	0	0	1	0	0	0	0	0	0	0	0	0	1	0	0	0	0	0	0	0	0	0	0	0	1	0	3.5	0	1	0	1	6	0	1	0	0	1	400	458.0	0	1
532	0	1	26.75	1.125	0	0	1	0	0	1	0	0	0	0	0	1	0	0	0	0	0	0	0	0	0	0	0	0	0	0	0	1	0	1.25	0	1	1	0	0	0	1	0	0	1	0	5298.0	0	1
533	0	1	23.33	1.5	0	0	1	0	0	1	0	0	0	0	0	0	0	1	0	0	0	0	0	0	0	0	0	0	0	0	0	1	0	1.415	0	1	1	0	0	0	1	0	0	1	422	200.0	0	1
534	0	1	24.42	12.335	0	0	1	0	0	1	0	0	0	0	0	0	0	0	0	0	0	0	1	0	0	0	0	0	0	0	0	1	0	1.585	0	1	1	0	0	1	0	0	0	1	120	0.0	0	1
535	0	1	42.17	5.04	0	0	1	0	0	1	0	0	0	0	0	0	0	0	0	0	0	0	1	0	0	0	0	0	0	0	0	1	0	12.75	0	1	1	0	0	1	0	0	0	1	92	0.0	0	1
536	1	0	20.83	3.0	0	0	1	0	0	1	0	0	1	0	0	0	0	0	0	0	0	0	0	0	0	0	0	0	0	0	0	0	1	0.04	0	1	1	0	0	0	1	0	0	1	100	0.0	0	1
537	0	1	23.08	11.5	0	0	1	0	0	1	0	0	0	0	0	0	0	0	0	0	0	0	0	1	0	0	0	0	0	0	0	1	0	2.125	0	1	0	1	11	1	0	0	0	1	290	284.0	0	1
538	1	0	25.17	2.875	0	0	1	0	0	1	0	0	0	0	0	1	0	0	0	0	0	0	0	0	0	0	0	0	0	0	0	1	0	0.875	0	1	1	0	0	0	1	0	0	1	360	0.0	0	1
539	0	1	43.08	0.375	0	1	0	0	1	0	0	0	0	0	0	0	0	1	0	0	0	0	0	0	0	0	0	0	0	0	0	0	1	0.375	0	1	0	1	8	1	0	0	0	1	300	162.0	0	1
540	1	0	35.75	0.915	0	0	1	0	0	1	0	0	1	0	0	0	0	0	0	0	0	0	0	0	0	0	0	0	0	0	0	0	1	0.75	0	1	0	1	4	0	1	0	0	1	0	1583.0	0	1
541	0	1	59.5	2.75	0	0	1	0	0	1	0	0	0	0	0	0	0	0	0	0	0	0	0	1	0	0	0	0	0	0	0	0	1	1.75	0	1	0	1	5	1	0	0	0	1	60	58.0	0	1
542	0	1	21.0	3.0	0	1	0	0	1	0	0	0	0	0	0	0	1	0	0	0	0	0	0	0	0	0	0	0	0	0	0	0	1	1.085	0	1	0	1	8	1	0	0	0	1	160	1.0	0	1
543	0	1	21.92	0.54	0	1	0	0	1	0	0	0	0	0	0	1	0	0	0	0	0	0	0	0	0	0	0	0	0	0	0	0	1	0.04	0	1	0	1	1	1	0	0	0	1	840	59.0	0	1
544	1	0	65.17	14.0	0	0	1	0	0	1	0	1	0	0	0	0	0	0	0	0	0	0	0	0	0	0	0	0	0	1	0	0	0	0.0	0	1	0	1	11	1	0	0	0	1	0	1400.0	0	1
545	1	0	20.33	10.0	0	0	1	0	0	1	0	0	0	0	0	0	0	1	0	0	0	0	0	0	0	0	0	0	0	0	0	1	0	1.0	0	1	0	1	4	0	1	0	0	1	50	1465.0	0	1
546	0	1	32.25	0.165	0	1	0	0	1	0	0	0	0	0	0	0	0	1	0	0	0	0	0	0	0	0	0	0	0	0	0	1	0	3.25	0	1	0	1	1	1	0	0	0	1	432	8000.0	0	1
547	0	1	30.17	0.5	0	0	1	0	0	1	0	0	0	0	0	0	0	1	0	0	0	0	0	0	0	0	0	0	0	0	0	0	1	1.75	0	1	0	1	11	0	1	0	0	1	32	540.0	0	1
548	0	1	25.17	6.0	0	0	1	0	0	1	0	0	0	0	0	0	0	1	0	0	0	0	0	0	0	0	0	0	0	0	0	0	1	1.0	0	1	0	1	3	0	1	0	0	1	0	0.0	0	1
549	0	1	39.17	1.625	0	0	1	0	0	1	0	0	0	0	0	0	0	1	0	0	0	0	0	0	0	0	0	0	0	0	0	0	1	1.5	0	1	0	1	10	0	1	0	0	1	186	4700.0	0	1
550	0	1	39.08	6.0	0	0	1	0	0	1	0	0	0	0	0	0	0	0	0	0	0	1	0	0	0	0	0	0	0	0	0	0	1	1.29	0	1	0	1	5	1	0	0	0	1	108	1097.0	0	1
551	0	1	31.67	0.83	0	0	1	0	0	1	0	0	0	0	0	1	0	0	0	0	0	0	0	0	0	0	0	0	0	0	0	0	1	1.335	0	1	0	1	8	1	0	0	0	1	303	3290.0	0	1
552	0	1	41.0	0.04	0	0	1	0	0	1	0	0	0	1	0	0	0	0	0	0	0	0	0	0	0	0	0	0	0	0	0	0	1	0.04	1	0	0	1	1	0	1	0	1	0	560	0.0	0	1
553	0	1	48.5	4.25	0	0	1	0	0	1	0	0	0	0	0	0	0	0	0	0	0	1	0	0	0	0	0	0	0	0	0	0	1	0.125	0	1	1	0	0	1	0	0	0	1	225	0.0	0	1
554	0	1	32.67	9.0	0	1	0	0	1	0	0	0	0	0	0	0	0	0	0	0	0	0	0	1	0	0	0	0	0	0	0	1	0	5.25	0	1	1	0	0	1	0	0	0	1	154	0.0	0	1
555	1	0	28.08	15.0	0	1	0	0	1	0	0	0	0	1	0	0	0	0	0	0	0	0	0	0	0	0	0	1	0	0	0	0	0	0.0	0	1	1	0	0	0	1	0	0	1	0	13212.0	0	1
556	0	1	73.42	17.75	0	0	1	0	0	1	0	1	0	0	0	0	0	0	0	0	0	0	0	0	0	0	0	0	0	1	0	0	0	0.0	0	1	1	0	0	1	0	0	0	1	0	0.0	0	1
557	0	1	64.08	20.0	0	0	1	0	0	1	0	0	0	0	0	1	0	0	0	0	0	0	0	0	0	0	0	0	0	0	0	1	0	17.5	0	1	0	1	9	1	0	0	0	1	0	1000.0	0	1
558	0	1	51.58	15.0	0	0	1	0	0	1	0	0	0	0	0	0	0	1	0	0	0	0	0	0	0	0	0	0	0	0	0	0	1	8.5	0	1	0	1	9	0	1	0	0	1	0	0.0	0	1
559	0	1	26.67	1.75	0	1	0	0	1	0	0	0	0	0	0	0	0	1	0	0	0	0	0	0	0	0	0	0	0	0	0	0	1	1.0	0	1	0	1	5	1	0	0	0	1	160	5777.0	0	1
560	0	1	25.33	0.58	0	0	1	0	0	1	0	0	0	0	0	0	0	1	0	0	0	0	0	0	0	0	0	0	0	0	0	0	1	0.29	0	1	0	1	7	1	0	0	0	1	96	5124.0	0	1
561	0	1	30.17	6.5	0	0	1	0	0	1	0	0	0	0	0	0	0	0	0	1	0	0	0	0	0	0	0	0	0	0	0	0	1	3.125	0	1	0	1	8	0	1	0	0	1	330	1200.0	0	1
562	0	1	27.0	0.75	0	0	1	0	0	1	0	0	0	0	0	0	0	1	0	0	0	0	0	0	0	0	0	0	0	0	0	1	0	4.25	0	1	0	1	3	1	0	0	0	1	312	150.0	0	1
563	0	1	34.17	5.25	0	0	1	0	0	1	0	0	0	0	0	0	0	0	0	0	0	0	0	1	0	0	0	0	0	0	0	0	1	0.085	1	0	1	0	0	1	0	0	0	1	290	6.0	0	1
564	0	1	38.67	0.21	0	0	1	0	0	1	0	0	0	0	0	0	0	0	1	0	0	0	0	0	0	0	0	0	0	0	0	0	1	0.085	0	1	1	0	0	1	0	0	0	1	280	0.0	0	1
565	0	1	25.75	0.75	0	0	1	0	0	1	0	0	0	0	0	0	0	1	0	0	0	0	0	0	0	0	0	0	0	0	1	0	0	0.25	0	1	1	0	0	0	1	0	0	1	349	23.0	0	1
566	1	0	46.08	3.0	0	0	1	0	0	1	0	0	0	0	0	0	0	1	0	0	0	0	0	0	0	0	0	0	0	0	0	0	1	2.375	0	1	0	1	8	1	0	0	0	1	396	4159.0	0	1
567	1	0	21.5	6.0	0	0	1	0	0	1	0	0	1	0	0	0	0	0	0	0	0	0	0	0	0	0	0	0	0	0	0	0	1	2.5	0	1	0	1	3	0	1	0	0	1	80	918.0	0	1
568	0	1	20.5	2.415	0	0	1	0	0	1	0	0	0	0	0	0	0	1	0	0	0	0	0	0	0	0	0	0	0	0	0	0	1	2.0	0	1	0	1	11	1	0	0	0	1	200	3000.0	0	1
569	1	0	29.5	0.46	0	0	1	0	0	1	0	0	0	0	0	0	0	0	1	0	0	0	0	0	0	0	0	0	0	0	0	0	1	0.54	0	1	0	1	4	0	1	0	0	1	380	500.0	0	1
570	0	1	29.83	1.25	0	1	0	0	1	0	0	0	0	0	0	0	0	0	1	0	0	0	0	0	0	0	0	0	0	0	0	0	1	0.25	1	0	1	0	0	0	1	0	0	1	224	0.0	1	0
571	0	1	20.08	0.25	0	0	1	0	0	1	0	0	0	0	0	0	0	0	0	0	0	0	1	0	0	0	0	0	0	0	0	0	1	0.125	1	0	1	0	0	0	1	0	0	1	200	0.0	1	0
572	0	1	23.42	0.585	0	0	1	0	0	1	0	0	0	0	0	0	0	1	0	0	0	0	0	0	0	0	0	0	0	0	0	1	0	0.085	0	1	1	0	0	0	1	0	0	1	180	0.0	1	0
573	1	0	29.58	1.75	0	1	0	0	1	0	0	0	0	0	0	0	0	0	1	0	0	0	0	0	0	0	0	0	0	0	0	0	1	1.25	1	0	1	0	0	1	0	0	0	1	280	0.0	1	0
574	0	1	16.17	0.04	0	0	1	0	0	1	0	0	0	0	0	0	0	1	0	0	0	0	0	0	0	0	0	0	0	0	0	0	1	0.04	1	0	1	0	0	0	1	0	0	1	0	0.0	0	1
575	0	1	32.33	3.5	0	0	1	0	0	1	0	0	0	0	0	0	0	0	1	0	0	0	0	0	0	0	0	0	0	0	0	0	1	0.5	1	0	1	0	0	1	0	0	0	1	232	0.0	1	0
576	0	1	47.83	4.165	0	0	1	0	0	1	0	0	0	0	0	1	0	0	0	0	0	0	0	0	0	0	0	0	0	0	1	0	0	0.085	1	0	1	0	0	1	0	0	0	1	520	0.0	1	0
577	0	1	20.0	1.25	0	1	0	0	1	0	0	0	0	0	0	0	0	0	1	0	0	0	0	0	0	0	0	0	0	0	0	0	1	0.125	1	0	1	0	0	0	1	0	0	1	140	4.0	1	0
578	0	1	27.58	3.25	0	1	0	0	1	0	0	0	0	0	0	0	0	0	0	0	0	0	1	0	0	0	0	0	0	0	0	1	0	5.085	1	0	0	1	2	1	0	0	0	1	369	1.0	1	0
579	0	1	22.0	0.79	0	0	1	0	0	1	0	0	0	0	0	0	0	0	0	0	0	0	0	1	0	0	0	0	0	0	0	0	1	0.29	1	0	0	1	1	0	1	0	0	1	420	283.0	1	0
580	0	1	19.33	10.915	0	0	1	0	0	1	0	0	0	0	0	0	0	1	0	0	0	0	0	0	0	0	0	0	0	0	1	0	0	0.585	1	0	0	1	2	1	0	0	0	1	200	7.0	1	0
581	1	0	38.33	4.415	0	0	1	0	0	1	0	0	0	0	0	0	0	1	0	0	0	0	0	0	0	0	0	0	0	0	0	0	1	0.125	1	0	1	0	0	0	1	0	0	1	160	0.0	1	0
582	0	1	29.42	1.25	0	0	1	0	0	1	0	0	0	0	0	0	0	1	0	0	0	0	0	0	0	0	0	0	0	0	0	1	0	0.25	1	0	0	1	2	1	0	0	0	1	400	108.0	1	0
583	0	1	22.67	0.75	0	0	1	0	0	1	0	0	0	0	1	0	0	0	0	0	0	0	0	0	0	0	0	0	0	0	0	0	1	1.585	1	0	0	1	1	1	0	0	0	1	400	9.0	1	0
584	0	1	32.25	14.0	0	1	0	0	1	0	0	1	0	0	0	0	0	0	0	0	0	0	0	0	0	0	0	0	0	1	0	0	0	0.0	1	0	0	1	2	0	1	0	0	1	160	1.0	1	0
585	0	1	29.58	4.75	0	0	1	0	0	1	0	0	0	0	0	0	0	0	0	0	0	1	0	0	0	0	0	0	0	0	0	0	1	2.0	1	0	0	1	1	1	0	0	0	1	460	68.0	1	0
586	0	1	18.42	10.415	0	1	0	0	1	0	0	0	1	0	0	0	0	0	0	0	0	0	0	0	0	0	0	0	0	0	0	0	1	0.125	0	1	1	0	0	0	1	0	0	1	120	375.0	1	0
587	0	1	22.17	2.25	0	0	1	0	0	1	0	0	0	0	1	0	0	0	0	0	0	0	0	0	0	0	0	0	0	0	0	0	1	0.125	1	0	1	0	0	0	1	0	0	1	160	10.0	1	0
588	0	1	22.67	0.165	0	0	1	0	0	1	0	0	0	0	0	0	0	1	0	0	0	0	0	0	0	0	0	0	1	0	0	0	0	2.25	1	0	1	0	0	1	0	0	1	0	0	0.0	0	1
589	0	1	18.83	0.0	0	0	1	0	0	1	0	0	0	0	0	0	0	0	0	0	0	0	1	0	0	0	0	0	0	0	0	0	1	0.665	1	0	1	0	0	0	1	0	0	1	160	1.0	1	0
590	0	1	21.58	0.79	0	1	0	0	1	0	0	0	0	0	0	0	0	0	0	1	0	0	0	0	0	0	0	0	0	0	0	0	1	0.665	1	0	1	0	0	0	1	0	0	1	160	0.0	1	0
591	0	1	23.75	12.0	0	0	1	0	0	1	0	0	0	0	0	0	0	1	0	0	0	0	0	0	0	0	0	0	0	0	0	0	1	2.085	1	0	1	0	0	0	1	0	1	0	80	0.0	1	0
592	0	1	36.08	2.54	0	0	1	0	0	1	0	1	0	0	0	0	0	0	0	0	0	0	0	0	0	0	0	0	0	1	0	0	0	0.0	1	0	1	0	0	0	1	0	0	1	0	1000.0	1	0
593	0	1	29.25	13.0	0	0	1	0	0	1	0	0	0	0	0	0	1	0	0	0	0	0	0	0	0	0	0	0	0	0	0	1	0	0.5	1	0	1	0	0	0	1	0	0	1	228	0.0	1	0
594	1	0	19.58	0.665	0	0	1	0	0	1	0	0	0	0	0	0	0	0	0	0	0	0	0	1	0	0	0	0	0	0	0	0	1	1.665	1	0	1	0	0	0	1	0	0	1	220	5.0	1	0
595	1	0	22.92	1.25	0	0	1	0	0	1	0	0	0	0	0	0	0	0	0	0	0	0	1	0	0	0	0	0	0	0	0	0	1	0.25	1	0	1	0	0	1	0	0	0	1	120	809.0	1	0
596	1	0	27.25	0.29	0	0	1	0	0	1	0	0	0	0	0	0	0	0	0	0	0	1	0	0	0	0	0	0	0	0	0	1	0	0.125	1	0	0	1	1	1	0	0	0	1	272	108.0	1	0
597	1	0	38.75	1.5	0	0	1	0	0	1	0	1	0	0	0	0	0	0	0	0	0	0	0	0	0	0	0	0	0	1	0	0	0	0.0	1	0	1	0	0	0	1	0	0	1	76	0.0	1	0
598	0	1	32.42	2.165	0	1	0	0	1	0	0	0	0	0	0	0	0	0	1	0	0	0	0	0	0	0	0	0	0	1	0	0	0	0.0	1	0	1	0	0	0	1	0	0	1	120	0.0	1	0
599	1	0	23.75	0.71	0	0	1	0	0	1	0	0	0	0	0	0	0	0	0	0	0	0	0	1	0	0	0	0	0	0	0	0	1	0.25	1	0	0	1	1	1	0	0	0	1	240	4.0	1	0
600	0	1	18.17	2.46	0	0	1	0	0	1	0	0	0	0	0	0	0	1	0	0	0	0	0	0	1	0	0	0	0	0	0	0	0	0.96	1	0	0	1	2	1	0	0	0	1	160	587.0	1	0
601	0	1	40.92	0.5	0	1	0	0	1	0	0	0	0	0	0	0	0	0	0	0	0	1	0	0	0	0	0	0	0	0	0	0	1	0.5	1	0	1	0	0	1	0	0	0	1	130	0.0	1	0
602	0	1	19.5	9.585	0	0	1	0	0	1	0	0	1	0	0	0	0	0	0	0	0	0	0	0	0	0	0	0	0	0	0	0	1	0.79	1	0	1	0	0	0	1	0	0	1	80	350.0	1	0
603	0	1	28.58	3.625	0	0	1	0	0	1	0	0	1	0	0	0	0	0	0	0	0	0	0	0	0	0	0	0	0	0	0	0	1	0.25	1	0	1	0	0	1	0	0	0	1	100	0.0	1	0
604	0	1	35.58	0.75	0	0	1	0	0	1	0	0	0	0	0	0	0	0	1	0	0	0	0	0	0	0	0	0	0	0	0	0	1	1.5	1	0	1	0	0	1	0	0	0	1	231	0.0	1	0
605	0	1	34.17	2.75	0	0	1	0	0	1	0	0	0	0	1	0	0	0	0	0	0	0	0	0	0	0	0	0	0	0	1	0	0	2.5	1	0	1	0	0	1	0	0	0	1	232	200.0	1	0
606	0	1	31.58	0.75	0	1	0	0	1	0	0	0	1	0	0	0	0	0	0	0	0	0	0	0	0	0	0	0	0	0	0	0	1	3.5	1	0	1	0	0	1	0	0	0	1	320	0.0	1	0
607	1	0	52.5	7.0	0	0	1	0	0	1	0	0	1	0	0	0	0	0	0	0	0	0	0	0	0	0	0	0	0	0	0	1	0	3.0	1	0	1	0	0	0	1	0	0	1	0	0.0	1	0
608	0	1	36.17	0.42	0	1	0	0	1	0	0	0	0	0	0	0	0	0	0	0	0	0	0	1	0	0	0	0	0	0	0	0	1	0.29	1	0	1	0	0	1	0	0	0	1	309	2.0	1	0
609	0	1	37.33	2.665	0	0	1	0	0	1	0	0	0	0	0	0	0	0	0	1	0	0	0	0	0	0	0	0	0	0	0	0	1	0.165	1	0	1	0	0	1	0	0	0	1	0	501.0	1	0
610	1	0	20.83	8.5	0	0	1	0	0	1	0	0	0	0	0	0	0	1	0	0	0	0	0	0	0	0	0	0	0	0	0	0	1	0.165	1	0	1	0	0	0	1	0	0	1	0	351.0	1	0
611	0	1	24.08	9.0	0	0	1	0	0	1	0	0	1	0	0	0	0	0	0	0	0	0	0	0	0	0	0	0	0	0	0	0	1	0.25	1	0	1	0	0	1	0	0	0	1	0	0.0	1	0
612	0	1	25.58	0.335	0	0	1	0	0	1	0	0	0	0	0	0	0	0	1	0	0	0	0	0	0	0	0	0	0	0	0	1	0	3.5	1	0	1	0	0	1	0	0	0	1	340	0.0	1	0
613	1	0	35.17	3.75	0	0	1	0	0	1	0	1	0	0	0	0	0	0	0	0	0	0	0	0	0	0	0	0	0	1	0	0	0	0.0	1	0	0	1	6	0	1	0	0	1	0	200.0	1	0
614	0	1	48.08	3.75	0	0	1	0	0	1	0	0	0	0	1	0	0	0	0	0	0	0	0	0	0	0	0	0	0	0	1	0	0	1.0	1	0	1	0	0	0	1	0	0	1	100	2.0	1	0
615	1	0	15.83	7.625	0	0	1	0	0	1	0	0	0	0	0	0	0	0	0	0	0	0	1	0	0	0	0	0	0	0	0	0	1	0.125	1	0	0	1	1	1	0	0	0	1	0	160.0	1	0
616	1	0	22.5	0.415	0	0	1	0	0	1	0	0	0	0	1	0	0	0	0	0	0	0	0	0	0	0	0	0	0	0	0	0	1	0.335	1	0	1	0	0	1	0	0	1	0	144	0.0	1	0
617	0	1	21.5	11.5	0	0	1	0	0	1	0	0	0	0	1	0	0	0	0	0	0	0	0	0	0	0	0	0	0	0	0	0	1	0.5	0	1	1	0	0	1	0	0	0	1	100	68.0	1	0
618	1	0	23.58	0.83	0	0	1	0	0	1	0	0	0	0	0	0	0	0	0	0	0	0	1	0	0	0	0	0	0	0	0	0	1	0.415	1	0	0	1	1	1	0	0	0	1	200	11.0	1	0
619	1	0	21.08	5.0	0	1	0	0	1	0	0	1	0	0	0	0	0	0	0	0	0	0	0	0	0	0	0	0	0	1	0	0	0	0.0	1	0	1	0	0	0	1	0	0	1	0	0.0	1	0
620	0	1	25.67	3.25	0	0	1	0	0	1	0	0	0	0	0	0	0	1	0	0	0	0	0	0	0	0	0	0	0	0	0	1	0	2.29	1	0	0	1	1	1	0	0	0	1	416	21.0	1	0
621	1	0	38.92	1.665	0	0	1	0	0	1	0	0	1	0	0	0	0	0	0	0	0	0	0	0	0	0	0	0	0	0	0	0	1	0.25	1	0	1	0	0	0	1	0	0	1	0	390.0	1	0
622	1	0	15.75	0.375	0	0	1	0	0	1	0	0	0	0	0	0	0	1	0	0	0	0	0	0	0	0	0	0	0	0	0	0	1	1.0	1	0	1	0	0	0	1	0	0	1	120	18.0	1	0
623	1	0	28.58	3.75	0	0	1	0	0	1	0	0	0	0	0	0	0	1	0	0	0	0	0	0	0	0	0	0	0	0	0	0	1	0.25	1	0	0	1	1	1	0	0	0	1	40	154.0	1	0
624	0	1	22.25	9.0	0	0	1	0	0	1	0	0	1	0	0	0	0	0	0	0	0	0	0	0	0	0	0	0	0	0	0	0	1	0.085	1	0	1	0	0	0	1	0	0	1	0	0.0	1	0
625	0	1	29.83	3.5	0	0	1	0	0	1	0	0	0	0	0	0	0	1	0	0	0	0	0	0	0	0	0	0	0	0	0	0	1	0.165	1	0	1	0	0	0	1	0	0	1	216	0.0	1	0
626	1	0	23.5	1.5	0	0	1	0	0	1	0	0	0	0	0	0	0	0	0	0	0	0	0	1	0	0	0	0	0	0	0	0	1	0.875	1	0	1	0	0	1	0	0	0	1	160	0.0	1	0
627	0	1	32.08	4.0	0	1	0	0	1	0	0	0	0	0	0	0	0	0	0	1	0	0	0	0	0	0	0	0	0	0	0	0	1	1.5	1	0	1	0	0	1	0	0	0	1	120	0.0	1	0
628	0	1	31.08	1.5	0	1	0	0	1	0	0	0	0	0	0	0	0	0	0	0	0	0	0	1	0	0	0	0	0	0	0	0	1	0.04	1	0	1	0	0	0	1	0	1	0	160	0.0	1	0
629	0	1	31.83	0.04	0	1	0	0	1	0	0	0	0	0	0	0	0	0	0	0	0	1	0	0	0	0	0	0	0	0	0	0	1	0.04	1	0	1	0	0	0	1	0	0	1	0	0.0	1	0
630	1	0	21.75	11.75	0	0	1	0	0	1	0	0	0	0	0	0	0	1	0	0	0	0	0	0	0	0	0	0	0	0	0	0	1	0.25	1	0	1	0	0	1	0	0	0	1	180	0.0	1	0
631	1	0	17.92	0.54	0	0	1	0	0	1	0	0	0	0	0	0	0	1	0	0	0	0	0	0	0	0	0	0	0	0	0	0	1	1.75	1	0	0	1	1	1	0	0	0	1	80	5.0	1	0
632	0	1	30.33	0.5	0	0	1	0	0	1	0	0	0	0	0	0	1	0	0	0	0	0	0	0	0	0	0	0	0	0	0	1	0	0.085	1	0	1	0	0	1	0	0	1	0	252	0.0	1	0
633	0	1	51.83	2.04	0	1	0	0	1	0	0	1	0	0	0	0	0	0	0	0	0	0	0	0	0	0	0	0	0	1	0	0	0	1.5	1	0	1	0	0	0	1	0	0	1	120	1.0	1	0
634	0	1	47.17	5.835	0	0	1	0	0	1	0	0	0	0	0	0	0	0	0	0	0	0	0	1	0	0	0	0	0	0	0	0	1	5.5	1	0	1	0	0	0	1	0	0	1	465	150.0	1	0
635	0	1	25.83	12.835	0	0	1	0	0	1	0	0	0	0	0	0	0	0	0	1	0	0	0	0	0	0	0	0	0	0	0	0	1	0.5	1	0	1	0	0	0	1	0	0	1	0	2.0	1	0
636	1	0	50.25	0.835	0	0	1	0	0	1	0	0	1	0	0	0	0	0	0	0	0	0	0	0	0	0	0	0	0	0	0	0	1	0.5	1	0	1	0	0	1	0	0	0	1	240	117.0	1	0
637	1	0	37.33	2.5	0	0	1	0	0	1	0	0	0	0	1	0	0	0	0	0	0	0	0	0	0	0	0	0	0	0	0	1	0	0.21	1	0	1	0	0	0	1	0	0	1	260	246.0	1	0
638	1	0	41.58	1.04	0	0	1	0	0	1	0	0	1	0	0	0	0	0	0	0	0	0	0	0	0	0	0	0	0	0	0	0	1	0.665	1	0	1	0	0	0	1	0	0	1	240	237.0	1	0
639	1	0	30.58	10.665	0	0	1	0	0	1	0	0	0	0	0	0	0	0	0	0	0	0	1	0	0	0	0	0	0	0	0	1	0	0.085	1	0	0	1	12	1	0	0	0	1	129	3.0	1	0
640	0	1	19.42	7.25	0	0	1	0	0	1	0	0	0	0	0	0	0	0	0	0	0	1	0	0	0	0	0	0	0	0	0	0	1	0.04	1	0	0	1	1	0	1	0	0	1	100	1.0	1	0
641	1	0	17.92	10.21	0	0	1	0	0	1	0	1	0	0	0	0	0	0	0	0	0	0	0	0	0	0	0	0	0	1	0	0	0	0.0	1	0	1	0	0	0	1	0	0	1	0	50.0	1	0
642	1	0	20.08	1.25	0	0	1	0	0	1	0	0	0	0	0	0	0	1	0	0	0	0	0	0	0	0	0	0	0	0	0	0	1	0.0	1	0	1	0	0	0	1	0	0	1	0	0.0	1	0
643	0	1	19.5	0.29	0	0	1	0	0	1	0	0	0	0	0	0	0	0	1	0	0	0	0	0	0	0	0	0	0	0	0	0	1	0.29	1	0	1	0	0	0	1	0	0	1	280	364.0	1	0
644	0	1	27.83	1.0	0	1	0	0	1	0	0	0	0	0	0	0	1	0	0	0	0	0	0	0	0	0	0	0	0	0	0	1	0	3.0	1	0	1	0	0	0	1	0	0	1	176	537.0	1	0
645	0	1	17.08	3.29	0	0	1	0	0	1	0	0	0	0	1	0	0	0	0	0	0	0	0	0	0	0	0	0	0	0	0	0	1	0.335	1	0	1	0	0	1	0	0	0	1	140	2.0	1	0
646	0	1	36.42	0.75	0	1	0	0	1	0	0	0	0	0	0	0	1	0	0	0	0	0	0	0	0	0	0	0	0	0	0	0	1	0.585	1	0	1	0	0	0	1	0	0	1	240	3.0	1	0
647	0	1	40.58	3.29	0	0	1	0	0	1	0	0	0	0	0	0	0	0	0	0	0	1	0	0	0	0	0	0	0	0	0	0	1	3.5	1	0	1	0	0	1	0	0	1	0	400	0.0	1	0
648	0	1	21.08	10.085	0	1	0	0	1	0	0	0	0	1	0	0	0	0	0	0	0	0	0	0	0	0	0	0	0	0	0	1	0	1.25	1	0	1	0	0	0	1	0	0	1	260	0.0	1	0
649	1	0	22.67	0.75	0	0	1	0	0	1	0	0	0	0	0	0	0	1	0	0	0	0	0	0	0	0	0	0	0	0	0	0	1	2.0	1	0	0	1	2	1	0	0	0	1	200	394.0	1	0
650	1	0	25.25	13.5	0	1	0	0	1	0	0	1	0	0	0	0	0	0	0	0	0	0	0	0	0	0	0	0	0	1	0	0	0	2.0	1	0	0	1	1	1	0	0	0	1	200	1.0	1	0
651	0	1	17.92	0.205	0	0	1	0	0	1	0	0	1	0	0	0	0	0	0	0	0	0	0	0	0	0	0	0	0	0	0	0	1	0.04	1	0	1	0	0	0	1	0	0	1	280	750.0	1	0
652	0	1	35.0	3.375	0	0	1	0	0	1	0	0	0	0	0	0	0	1	0	0	0	0	0	0	0	0	0	0	0	0	0	1	0	8.29	1	0	1	0	0	1	0	0	0	1	0	0.0	1	0
